Algorithm;Iteration;TimeMs;Manhattan;Fitness;BestPathLength
ACO;1;11.84;55;-76.0000;76
ACO;3;31.89;55;-59.0000;59
ACO;9;83.44;55;-58.0000;58
ACO;15;134.54;55;-58.0000;58
ACO;22;191.57;55;-58.0000;58
ACO;28;241.62;55;-58.0000;58
ACO;34;291.76;55;-58.0000;58
ACO;40;354.56;55;-58.0000;58
ACO;42;418.78;55;-58.0000;58
ACO;48;471.75;55;-58.0000;58
ACO;55;529.70;55;-58.0000;58
ACO;61;580.65;55;-58.0000;58
ACO;67;630.97;55;-58.0000;58
ACO;73;681.45;55;-58.0000;58
ACO;80;739.22;55;-58.0000;58
ACO;87;796.97;55;-58.0000;58
ACO;93;848.48;55;-58.0000;58
ACO;99;899.40;55;-58.0000;58
ACO;105;949.64;55;-58.0000;58
ACO;111;1001.02;55;-58.0000;58
ACO;2;18.39;126;-172.0000;172
ACO;3;28.14;126;-152.0000;152
ACO;7;63.21;126;-139.0000;139
ACO;9;80.66;126;-134.0000;134
ACO;11;98.12;126;-131.0000;131
ACO;17;149.40;126;-131.0000;131
ACO;23;199.75;126;-131.0000;131
ACO;29;252.21;126;-131.0000;131
ACO;35;304.36;126;-131.0000;131
ACO;41;357.05;126;-131.0000;131
ACO;47;408.91;126;-131.0000;131
ACO;48;459.23;126;-131.0000;131
ACO;54;510.44;126;-131.0000;131
ACO;60;560.73;126;-131.0000;131
ACO;66;610.83;126;-131.0000;131
ACO;72;661.97;126;-131.0000;131
ACO;78;713.87;126;-131.0000;131
ACO;84;764.06;126;-131.0000;131
ACO;90;814.48;126;-131.0000;131
ACO;96;865.97;126;-131.0000;131
ACO;102;916.85;126;-131.0000;131
ACO;108;967.77;126;-131.0000;131
ACO;2;22.69;50;-93.0000;93
ACO;5;51.04;50;-68.0000;68
ACO;9;86.47;50;-64.0000;64
ACO;10;95.45;50;-62.0000;62
ACO;16;148.61;50;-59.0000;59
ACO;17;157.82;50;-55.0000;55
ACO;23;208.28;50;-55.0000;55
ACO;30;265.10;50;-55.0000;55
ACO;37;321.88;50;-55.0000;55
ACO;44;379.27;50;-55.0000;55
ACO;50;429.49;50;-55.0000;55
ACO;56;520.09;50;-55.0000;55
ACO;63;576.96;50;-55.0000;55
ACO;69;627.42;50;-55.0000;55
ACO;75;677.97;50;-55.0000;55
ACO;81;733.94;50;-55.0000;55
ACO;88;792.21;50;-55.0000;55
ACO;94;843.03;50;-55.0000;55
ACO;101;900.33;50;-55.0000;55
ACO;108;957.37;50;-55.0000;55
ACO;114;1007.88;50;-55.0000;55
ACO;1;8.90;41;-49.0000;49
ACO;4;36.11;41;-48.0000;48
ACO;5;42.40;41;-47.0000;47
ACO;9;60.89;41;-46.0000;46
ACO;22;114.65;41;-46.0000;46
ACO;34;166.62;41;-46.0000;46
ACO;45;216.71;41;-46.0000;46
ACO;58;269.47;41;-46.0000;46
ACO;70;321.08;41;-46.0000;46
ACO;83;375.19;41;-46.0000;46
ACO;95;428.72;41;-46.0000;46
ACO;107;481.75;41;-46.0000;46
ACO;119;533.50;41;-46.0000;46
ACO;131;586.54;41;-46.0000;46
ACO;135;647.58;41;-46.0000;46
ACO;147;699.23;41;-46.0000;46
ACO;160;752.96;41;-46.0000;46
ACO;174;808.04;41;-46.0000;46
ACO;186;858.45;41;-46.0000;46
ACO;198;910.92;41;-46.0000;46
ACO;210;962.15;41;-46.0000;46
ACO;1;10.62;46;-77.0000;77
ACO;2;20.62;46;-72.0000;72
ACO;8;76.02;46;-72.0000;72
ACO;11;102.43;46;-63.0000;63
ACO;17;155.12;46;-63.0000;63
ACO;21;189.57;46;-55.0000;55
ACO;27;240.17;46;-55.0000;55
ACO;33;305.27;46;-55.0000;55
ACO;35;355.52;46;-55.0000;55
ACO;36;364.43;46;-54.0000;54
ACO;42;419.03;46;-54.0000;54
ACO;48;471.93;46;-54.0000;54
ACO;54;523.86;46;-54.0000;54
ACO;60;574.71;46;-54.0000;54
ACO;66;625.98;46;-54.0000;54
ACO;72;677.15;46;-54.0000;54
ACO;78;728.36;46;-54.0000;54
ACO;84;783.37;46;-54.0000;54
ACO;90;836.11;46;-54.0000;54
ACO;92;854.50;46;-52.0000;52
ACO;98;907.43;46;-52.0000;52
ACO;104;959.67;46;-52.0000;52
ACO;108;1036.48;46;-52.0000;52
ACO;7;62.49;64;-79.0000;79
ACO;9;79.68;64;-73.0000;73
ACO;14;121.68;64;-70.0000;70
ACO;21;179.48;64;-70.0000;70
ACO;27;230.51;64;-70.0000;70
ACO;34;288.77;64;-70.0000;70
ACO;40;342.50;64;-70.0000;70
ACO;46;395.39;64;-70.0000;70
ACO;52;449.41;64;-70.0000;70
ACO;58;500.24;64;-70.0000;70
ACO;64;550.90;64;-70.0000;70
ACO;71;608.27;64;-70.0000;70
ACO;76;695.22;64;-70.0000;70
ACO;82;745.54;64;-70.0000;70
ACO;88;797.05;64;-70.0000;70
ACO;94;847.16;64;-70.0000;70
ACO;100;897.54;64;-70.0000;70
ACO;106;950.78;64;-70.0000;70
ACO;112;1001.10;64;-70.0000;70
ACO;1;9.43;23;-30.0000;30
ACO;7;59.04;23;-29.0000;29
ACO;9;75.24;23;-28.0000;28
ACO;16;128.26;23;-28.0000;28
ACO;23;182.93;23;-28.0000;28
ACO;30;237.30;23;-28.0000;28
ACO;37;294.20;23;-28.0000;28
ACO;44;368.40;23;-28.0000;28
ACO;47;419.03;23;-28.0000;28
ACO;54;476.88;23;-28.0000;28
ACO;60;529.65;23;-28.0000;28
ACO;67;586.54;23;-28.0000;28
ACO;74;639.32;23;-28.0000;28
ACO;82;694.89;23;-28.0000;28
ACO;88;746.41;23;-28.0000;28
ACO;95;798.98;23;-28.0000;28
ACO;102;852.95;23;-28.0000;28
ACO;109;905.75;23;-28.0000;28
ACO;115;960.83;23;-28.0000;28
ACO;24;221.31;23;-40.0000;40
ACO;29;265.34;23;-33.0000;33
ACO;30;274.65;23;-32.0000;32
ACO;34;309.03;23;-29.0000;29
ACO;40;360.24;23;-28.0000;28
ACO;46;412.71;23;-28.0000;28
ACO;52;465.01;23;-28.0000;28
ACO;57;554.12;23;-28.0000;28
ACO;63;606.92;23;-28.0000;28
ACO;69;659.71;23;-28.0000;28
ACO;75;712.06;23;-28.0000;28
ACO;81;763.87;23;-28.0000;28
ACO;87;816.85;23;-28.0000;28
ACO;93;869.02;23;-28.0000;28
ACO;99;921.25;23;-28.0000;28
ACO;105;973.34;23;-28.0000;28
ACO;1;3.03;25;-30.0000;30
ACO;3;8.21;25;-29.0000;29
ACO;31;60.16;25;-29.0000;29
ACO;57;110.23;25;-29.0000;29
ACO;84;161.93;25;-29.0000;29
ACO;101;232.83;25;-29.0000;29
ACO;129;283.03;25;-29.0000;29
ACO;157;334.09;25;-29.0000;29
ACO;184;385.77;25;-29.0000;29
ACO;210;436.34;25;-29.0000;29
ACO;238;487.97;25;-29.0000;29
ACO;267;539.20;25;-29.0000;29
ACO;296;590.77;25;-29.0000;29
ACO;325;642.79;25;-29.0000;29
ACO;354;693.39;25;-29.0000;29
ACO;381;744.70;25;-29.0000;29
ACO;406;796.76;25;-29.0000;29
ACO;429;856.03;25;-29.0000;29
ACO;443;907.55;25;-29.0000;29
ACO;470;959.14;25;-29.0000;29
ACO;1;5.78;48;-58.0000;58
ACO;2;11.28;48;-51.0000;51
ACO;17;62.16;48;-51.0000;51
ACO;33;112.77;48;-51.0000;51
ACO;49;163.36;48;-51.0000;51
ACO;66;215.84;48;-51.0000;51
ACO;82;268.65;48;-51.0000;51
ACO;98;319.79;48;-51.0000;51
ACO;113;370.67;48;-51.0000;51
ACO;131;422.30;48;-51.0000;51
ACO;148;474.32;48;-51.0000;51
ACO;162;524.46;48;-51.0000;51
ACO;168;585.36;48;-51.0000;51
ACO;185;637.75;48;-51.0000;51
ACO;202;690.15;48;-51.0000;51
ACO;218;740.22;48;-51.0000;51
ACO;234;790.99;48;-51.0000;51
ACO;250;841.69;48;-51.0000;51
ACO;266;893.88;48;-51.0000;51
ACO;280;943.89;48;-51.0000;51
ACO;297;995.70;48;-51.0000;51
ACO;1;9.40;37;-43.0000;43
ACO;3;22.16;37;-42.0000;42
ACO;4;28.25;37;-41.0000;41
ACO;15;81.08;37;-41.0000;41
ACO;28;131.80;37;-41.0000;41
ACO;40;182.17;37;-41.0000;41
ACO;52;232.47;37;-41.0000;41
ACO;56;285.37;37;-41.0000;41
ACO;61;337.24;37;-41.0000;41
ACO;66;388.04;37;-41.0000;41
ACO;70;440.33;37;-41.0000;41
ACO;75;497.41;37;-41.0000;41
ACO;80;557.94;37;-41.0000;41
ACO;84;617.52;37;-41.0000;41
ACO;88;677.82;37;-41.0000;41
ACO;92;728.94;37;-41.0000;41
ACO;104;782.41;37;-41.0000;41
ACO;116;832.55;37;-41.0000;41
ACO;129;886.18;37;-41.0000;41
ACO;142;939.51;37;-41.0000;41
ACO;155;993.87;37;-41.0000;41
ACO;1;9.78;63;-82.0000;82
ACO;2;19.62;63;-77.0000;77
ACO;5;46.76;63;-72.0000;72
ACO;8;73.00;63;-69.0000;69
ACO;9;82.33;63;-68.0000;68
ACO;15;134.23;63;-68.0000;68
ACO;21;185.91;63;-67.0000;67
ACO;27;237.28;63;-67.0000;67
ACO;28;289.82;63;-67.0000;67
ACO;35;346.69;63;-67.0000;67
ACO;42;404.08;63;-67.0000;67
ACO;49;461.62;63;-67.0000;67
ACO;56;519.42;63;-67.0000;67
ACO;62;569.74;63;-67.0000;67
ACO;68;620.54;63;-67.0000;67
ACO;75;678.54;63;-67.0000;67
ACO;81;733.41;63;-67.0000;67
ACO;87;786.02;63;-67.0000;67
ACO;93;838.03;63;-67.0000;67
ACO;99;890.01;63;-67.0000;67
ACO;105;944.70;63;-67.0000;67
ACO;107;999.52;63;-67.0000;67
ACO;1;10.07;77;-114.0000;114
ACO;2;19.66;77;-97.0000;97
ACO;5;46.81;77;-85.0000;85
ACO;8;75.45;77;-84.0000;84
ACO;10;94.31;77;-82.0000;82
ACO;12;119.53;77;-80.0000;80
ACO;18;171.77;77;-80.0000;80
ACO;24;222.47;77;-80.0000;80
ACO;30;274.52;77;-80.0000;80
ACO;36;327.80;77;-80.0000;80
ACO;42;379.46;77;-80.0000;80
ACO;48;430.02;77;-80.0000;80
ACO;54;481.09;77;-80.0000;80
ACO;60;532.52;77;-80.0000;80
ACO;66;586.61;77;-80.0000;80
ACO;72;637.82;77;-80.0000;80
ACO;75;705.20;77;-80.0000;80
ACO;82;762.28;77;-80.0000;80
ACO;88;812.59;77;-80.0000;80
ACO;94;863.40;77;-80.0000;80
ACO;100;913.99;77;-80.0000;80
ACO;106;965.23;77;-80.0000;80
ACO;1;6.16;15;-18.0000;18
ACO;22;57.01;15;-18.0000;18
ACO;47;108.65;15;-18.0000;18
ACO;68;160.96;15;-18.0000;18
ACO;93;213.26;15;-18.0000;18
ACO;118;264.31;15;-18.0000;18
ACO;138;348.64;15;-18.0000;18
ACO;161;399.40;15;-18.0000;18
ACO;187;450.51;15;-18.0000;18
ACO;208;501.03;15;-18.0000;18
ACO;232;552.36;15;-18.0000;18
ACO;254;602.97;15;-18.0000;18
ACO;276;653.39;15;-18.0000;18
ACO;300;705.32;15;-18.0000;18
ACO;324;756.02;15;-18.0000;18
ACO;348;806.28;15;-18.0000;18
ACO;373;857.69;15;-18.0000;18
ACO;397;909.94;15;-18.0000;18
ACO;412;981.06;15;-18.0000;18
ACO;2;17.44;53;-81.0000;81
ACO;3;26.09;53;-63.0000;63
ACO;8;67.22;53;-57.0000;57
ACO;9;75.72;53;-56.0000;56
ACO;16;130.10;53;-56.0000;56
ACO;23;183.48;53;-56.0000;56
ACO;30;237.50;53;-56.0000;56
ACO;37;292.84;53;-56.0000;56
ACO;44;348.55;53;-56.0000;56
ACO;51;404.33;53;-56.0000;56
ACO;58;458.20;53;-56.0000;56
ACO;65;512.43;53;-56.0000;56
ACO;72;567.89;53;-56.0000;56
ACO;76;643.21;53;-56.0000;56
ACO;83;696.74;53;-56.0000;56
ACO;90;753.84;53;-56.0000;56
ACO;96;804.01;53;-56.0000;56
ACO;103;859.83;53;-56.0000;56
ACO;110;913.66;53;-56.0000;56
ACO;117;968.50;53;-56.0000;56
ACO;1;10.09;44;-56.0000;56
ACO;2;20.48;44;-52.0000;52
ACO;8;77.82;44;-52.0000;52
ACO;9;87.54;44;-48.0000;48
ACO;15;141.49;44;-48.0000;48
ACO;21;194.61;44;-48.0000;48
ACO;27;247.42;44;-48.0000;48
ACO;32;332.31;44;-48.0000;48
ACO;38;385.40;44;-48.0000;48
ACO;44;437.67;44;-48.0000;48
ACO;50;488.23;44;-48.0000;48
ACO;57;545.48;44;-48.0000;48
ACO;62;595.50;44;-48.0000;48
ACO;68;648.41;44;-48.0000;48
ACO;74;699.06;44;-48.0000;48
ACO;80;749.26;44;-48.0000;48
ACO;86;801.72;44;-48.0000;48
ACO;92;851.78;44;-48.0000;48
ACO;98;902.26;44;-48.0000;48
ACO;104;953.41;44;-48.0000;48
ACO;110;1047.92;44;-48.0000;48
ACO;6;57.84;111;-151.0000;151
ACO;11;105.35;111;-147.0000;147
ACO;13;129.97;111;-144.0000;144
ACO;19;186.83;111;-144.0000;144
ACO;25;243.48;111;-144.0000;144
ACO;26;253.32;111;-124.0000;124
ACO;27;263.32;111;-117.0000;117
ACO;33;321.11;111;-117.0000;117
ACO;39;380.52;111;-117.0000;117
ACO;44;430.61;111;-117.0000;117
ACO;49;482.74;111;-117.0000;117
ACO;54;541.31;111;-117.0000;117
ACO;59;600.49;111;-117.0000;117
ACO;64;650.70;111;-117.0000;117
ACO;69;700.72;111;-117.0000;117
ACO;73;759.16;111;-117.0000;117
ACO;76;811.71;111;-117.0000;117
ACO;82;869.17;111;-117.0000;117
ACO;87;919.47;111;-117.0000;117
ACO;93;979.25;111;-117.0000;117
ACO;1;9.48;9;-23.0000;23
ACO;2;18.38;9;-16.0000;16
ACO;3;27.60;9;-14.0000;14
ACO;10;82.60;9;-14.0000;14
ACO;17;137.95;9;-14.0000;14
ACO;24;192.52;9;-14.0000;14
ACO;31;245.90;9;-14.0000;14
ACO;37;296.66;9;-14.0000;14
ACO;44;349.41;9;-14.0000;14
ACO;51;402.59;9;-14.0000;14
ACO;56;490.94;9;-14.0000;14
ACO;63;545.84;9;-14.0000;14
ACO;70;598.31;9;-14.0000;14
ACO;77;651.98;9;-14.0000;14
ACO;84;706.65;9;-14.0000;14
ACO;91;762.08;9;-14.0000;14
ACO;97;816.15;9;-14.0000;14
ACO;104;870.76;9;-14.0000;14
ACO;111;926.17;9;-14.0000;14
ACO;118;980.77;9;-14.0000;14
ACO;1;9.48;46;-56.0000;56
ACO;3;25.31;46;-54.0000;54
ACO;5;39.77;46;-53.0000;53
ACO;6;46.68;46;-52.0000;52
ACO;11;76.68;46;-51.0000;51
ACO;21;129.52;46;-51.0000;51
ACO;24;186.78;46;-51.0000;51
ACO;34;238.26;46;-51.0000;51
ACO;44;294.92;46;-51.0000;51
ACO;53;347.84;46;-51.0000;51
ACO;63;401.17;46;-51.0000;51
ACO;73;451.59;46;-51.0000;51
ACO;83;508.15;46;-51.0000;51
ACO;92;560.26;46;-51.0000;51
ACO;102;615.36;46;-51.0000;51
ACO;112;666.78;46;-51.0000;51
ACO;122;719.83;46;-51.0000;51
ACO;132;773.39;46;-51.0000;51
ACO;142;825.80;46;-51.0000;51
ACO;150;910.45;46;-51.0000;51
ACO;160;961.49;46;-51.0000;51
ACO;2;18.11;64;-82.0000;82
ACO;7;61.78;64;-77.0000;77
ACO;9;79.71;64;-73.0000;73
ACO;15;132.46;64;-73.0000;73
ACO;21;186.69;64;-73.0000;73
ACO;26;230.50;64;-72.0000;72
ACO;32;284.23;64;-72.0000;72
ACO;38;334.72;64;-71.0000;71
ACO;44;385.27;64;-71.0000;71
ACO;49;428.06;64;-68.0000;68
ACO;55;481.38;64;-68.0000;68
ACO;61;533.23;64;-68.0000;68
ACO;64;603.49;64;-68.0000;68
ACO;70;656.01;64;-68.0000;68
ACO;76;709.83;64;-68.0000;68
ACO;82;763.12;64;-68.0000;68
ACO;88;816.78;64;-68.0000;68
ACO;94;869.91;64;-68.0000;68
ACO;100;922.57;64;-68.0000;68
ACO;106;974.86;64;-68.0000;68
ACO;1;10.41;87;-116.0000;116
ACO;2;20.69;87;-106.0000;106
ACO;4;40.39;87;-105.0000;105
ACO;5;49.99;87;-101.0000;101
ACO;7;68.22;87;-99.0000;99
ACO;12;113.30;87;-95.0000;95
ACO;13;122.52;87;-94.0000;94
ACO;19;177.04;87;-94.0000;94
ACO;20;186.35;87;-93.0000;93
ACO;26;239.39;87;-93.0000;93
ACO;29;265.93;87;-92.0000;92
ACO;30;319.05;87;-92.0000;92
ACO;33;347.22;87;-91.0000;91
ACO;39;402.96;87;-91.0000;91
ACO;45;461.45;87;-91.0000;91
ACO;51;518.54;87;-91.0000;91
ACO;57;570.84;87;-91.0000;91
ACO;63;622.05;87;-91.0000;91
ACO;68;673.17;87;-91.0000;91
ACO;74;728.50;87;-91.0000;91
ACO;80;781.94;87;-91.0000;91
ACO;86;835.30;87;-91.0000;91
ACO;92;887.21;87;-91.0000;91
ACO;98;940.25;87;-91.0000;91
ACO;103;993.46;87;-91.0000;91
ACO;1;9.69;68;-88.0000;88
ACO;5;45.34;68;-87.0000;87
ACO;9;80.48;68;-79.0000;79
ACO;15;133.28;68;-79.0000;79
ACO;21;185.92;68;-79.0000;79
ACO;27;238.78;68;-79.0000;79
ACO;33;293.59;68;-79.0000;79
ACO;38;370.35;68;-79.0000;79
ACO;40;420.74;68;-79.0000;79
ACO;43;492.83;68;-79.0000;79
ACO;45;543.07;68;-77.0000;77
ACO;48;616.07;68;-77.0000;77
ACO;50;666.28;68;-77.0000;77
ACO;52;716.95;68;-77.0000;77
ACO;54;796.80;68;-77.0000;77
ACO;60;849.62;68;-77.0000;77
ACO;66;902.86;68;-77.0000;77
ACO;72;956.05;68;-77.0000;77
ACO;23;195.47;75;-94.0000;94
ACO;27;229.93;75;-93.0000;93
ACO;33;281.60;75;-93.0000;93
ACO;39;332.60;75;-93.0000;93
ACO;45;384.01;75;-93.0000;93
ACO;49;459.41;75;-93.0000;93
ACO;55;510.29;75;-93.0000;93
ACO;61;561.36;75;-93.0000;93
ACO;67;613.21;75;-93.0000;93
ACO;69;630.53;75;-87.0000;87
ACO;75;681.82;75;-87.0000;87
ACO;81;735.12;75;-87.0000;87
ACO;87;787.55;75;-87.0000;87
ACO;93;841.77;75;-87.0000;87
ACO;99;892.42;75;-87.0000;87
ACO;105;945.40;75;-87.0000;87
ACO;111;996.07;75;-87.0000;87
ACO;1;9.25;49;-65.0000;65
ACO;2;17.43;49;-58.0000;58
ACO;3;26.15;49;-54.0000;54
ACO;12;82.12;49;-54.0000;54
ACO;14;136.98;49;-54.0000;54
ACO;23;189.98;49;-54.0000;54
ACO;32;243.87;49;-54.0000;54
ACO;41;298.35;49;-54.0000;54
ACO;50;353.97;49;-54.0000;54
ACO;59;407.99;49;-54.0000;54
ACO;68;463.15;49;-54.0000;54
ACO;77;518.30;49;-54.0000;54
ACO;86;572.95;49;-54.0000;54
ACO;95;626.44;49;-54.0000;54
ACO;104;678.10;49;-54.0000;54
ACO;113;732.32;49;-54.0000;54
ACO;121;820.65;49;-54.0000;54
ACO;131;874.65;49;-54.0000;54
ACO;140;927.97;49;-54.0000;54
ACO;149;982.02;49;-54.0000;54
ACO;1;9.72;78;-90.0000;90
ACO;6;53.35;78;-82.0000;82
ACO;9;79.59;78;-81.0000;81
ACO;15;131.57;78;-81.0000;81
ACO;21;182.69;78;-81.0000;81
ACO;27;233.39;78;-81.0000;81
ACO;33;285.13;78;-81.0000;81
ACO;39;340.12;78;-81.0000;81
ACO;45;392.46;78;-81.0000;81
ACO;51;443.68;78;-81.0000;81
ACO;55;518.11;78;-81.0000;81
ACO;61;574.76;78;-81.0000;81
ACO;67;625.37;78;-81.0000;81
ACO;73;677.22;78;-81.0000;81
ACO;79;727.65;78;-81.0000;81
ACO;85;778.30;78;-81.0000;81
ACO;91;831.11;78;-81.0000;81
ACO;97;884.45;78;-81.0000;81
ACO;103;938.84;78;-81.0000;81
ACO;109;990.01;78;-81.0000;81
ACO;1;3.22;40;-49.0000;49
ACO;25;55.07;40;-49.0000;49
ACO;49;106.18;40;-49.0000;49
ACO;71;157.81;40;-49.0000;49
ACO;93;208.02;40;-49.0000;49
ACO;115;258.96;40;-49.0000;49
ACO;138;310.16;40;-49.0000;49
ACO;161;360.66;40;-49.0000;49
ACO;183;412.93;40;-49.0000;49
ACO;205;463.23;40;-49.0000;49
ACO;212;522.15;40;-49.0000;49
ACO;236;573.04;40;-49.0000;49
ACO;260;623.72;40;-49.0000;49
ACO;284;674.19;40;-49.0000;49
ACO;300;708.49;40;-44.0000;44
ACO;323;760.09;40;-44.0000;44
ACO;345;810.94;40;-44.0000;44
ACO;367;861.11;40;-44.0000;44
ACO;389;911.45;40;-44.0000;44
ACO;412;963.59;40;-44.0000;44
ACO;50;488.89;74;-132.0000;132
ACO;56;542.55;74;-132.0000;132
ACO;62;596.87;74;-132.0000;132
ACO;68;653.48;74;-132.0000;132
ACO;70;671.85;74;-100.0000;100
ACO;76;725.33;74;-100.0000;100
ACO;77;734.52;74;-91.0000;91
ACO;81;771.09;74;-82.0000;82
ACO;87;828.14;74;-82.0000;82
ACO;89;889.40;74;-82.0000;82
ACO;95;942.56;74;-82.0000;82
ACO;101;996.06;74;-82.0000;82
ACO;1;9.57;80;-120.0000;120
ACO;4;36.89;80;-112.0000;112
ACO;7;63.87;80;-92.0000;92
ACO;12;116.39;80;-92.0000;92
ACO;14;134.90;80;-88.0000;88
ACO;20;191.17;80;-88.0000;88
ACO;26;242.67;80;-88.0000;88
ACO;32;295.59;80;-88.0000;88
ACO;37;346.39;80;-88.0000;88
ACO;40;373.10;80;-86.0000;86
ACO;46;425.41;80;-86.0000;86
ACO;52;480.91;80;-85.0000;85
ACO;58;536.55;80;-85.0000;85
ACO;60;601.14;80;-85.0000;85
ACO;66;654.58;80;-85.0000;85
ACO;72;708.13;80;-85.0000;85
ACO;78;759.26;80;-85.0000;85
ACO;84;810.90;80;-85.0000;85
ACO;90;862.72;80;-85.0000;85
ACO;96;918.78;80;-85.0000;85
ACO;102;970.86;80;-85.0000;85
ACO;1;8.96;31;-50.0000;50
ACO;4;34.45;31;-48.0000;48
ACO;5;42.69;31;-39.0000;39
ACO;9;74.99;31;-36.0000;36
ACO;16;126.56;31;-36.0000;36
ACO;23;180.44;31;-36.0000;36
ACO;29;268.68;31;-36.0000;36
ACO;36;322.90;31;-36.0000;36
ACO;43;373.72;31;-36.0000;36
ACO;50;429.18;31;-36.0000;36
ACO;57;480.58;31;-36.0000;36
ACO;64;534.74;31;-36.0000;36
ACO;71;587.83;31;-36.0000;36
ACO;78;639.82;31;-36.0000;36
ACO;85;692.75;31;-36.0000;36
ACO;92;747.15;31;-36.0000;36
ACO;99;801.19;31;-36.0000;36
ACO;106;854.26;31;-36.0000;36
ACO;109;918.11;31;-36.0000;36
ACO;116;971.37;31;-36.0000;36
ACO;1;10.77;44;-61.0000;61
ACO;2;20.57;44;-56.0000;56
ACO;3;29.85;44;-51.0000;51
ACO;9;83.44;44;-48.0000;48
ACO;15;135.35;44;-48.0000;48
ACO;21;186.59;44;-48.0000;48
ACO;28;243.21;44;-48.0000;48
ACO;35;299.51;44;-48.0000;48
ACO;42;356.72;44;-48.0000;48
ACO;49;413.24;44;-48.0000;48
ACO;56;470.29;44;-48.0000;48
ACO;63;527.29;44;-48.0000;48
ACO;68;610.93;44;-48.0000;48
ACO;75;668.16;44;-48.0000;48
ACO;82;724.40;44;-48.0000;48
ACO;88;776.70;44;-48.0000;48
ACO;94;827.01;44;-48.0000;48
ACO;100;878.87;44;-48.0000;48
ACO;106;929.06;44;-48.0000;48
ACO;113;986.75;44;-48.0000;48
ACO;1;8.90;39;-57.0000;57
ACO;3;26.48;39;-51.0000;51
ACO;4;34.53;39;-50.0000;50
ACO;5;43.24;39;-46.0000;46
ACO;7;60.49;39;-45.0000;45
ACO;9;80.92;39;-43.0000;43
ACO;16;137.31;39;-43.0000;43
ACO;23;193.91;39;-43.0000;43
ACO;29;244.74;39;-43.0000;43
ACO;33;321.79;39;-43.0000;43
ACO;40;378.17;39;-43.0000;43
ACO;47;434.59;39;-43.0000;43
ACO;54;487.79;39;-43.0000;43
ACO;61;541.19;39;-43.0000;43
ACO;68;595.47;39;-43.0000;43
ACO;75;650.37;39;-43.0000;43
ACO;82;703.92;39;-43.0000;43
ACO;89;757.92;39;-43.0000;43
ACO;96;810.96;39;-43.0000;43
ACO;103;863.91;39;-43.0000;43
ACO;110;916.76;39;-43.0000;43
ACO;116;969.74;39;-43.0000;43
ACO;1;9.64;60;-83.0000;83
ACO;2;18.77;60;-70.0000;70
ACO;6;53.83;60;-69.0000;69
ACO;9;79.12;60;-67.0000;67
ACO;14;119.40;60;-66.0000;66
ACO;21;176.55;60;-66.0000;66
ACO;28;233.07;60;-66.0000;66
ACO;35;290.74;60;-66.0000;66
ACO;42;348.27;60;-66.0000;66
ACO;49;404.94;60;-66.0000;66
ACO;56;462.22;60;-66.0000;66
ACO;62;515.30;60;-66.0000;66
ACO;68;569.71;60;-66.0000;66
ACO;74;623.41;60;-66.0000;66
ACO;77;694.11;60;-66.0000;66
ACO;83;748.28;60;-66.0000;66
ACO;89;803.15;60;-66.0000;66
ACO;93;855.22;60;-66.0000;66
ACO;99;909.81;60;-66.0000;66
ACO;106;968.39;60;-66.0000;66
ACO;15;133.83;34;-44.0000;44
ACO;21;185.65;34;-44.0000;44
ACO;22;194.97;34;-40.0000;40
ACO;28;248.13;34;-40.0000;40
ACO;34;301.05;34;-40.0000;40
ACO;40;355.26;34;-40.0000;40
ACO;42;415.48;34;-40.0000;40
ACO;43;424.08;34;-38.0000;38
ACO;49;475.36;34;-38.0000;38
ACO;55;525.41;34;-38.0000;38
ACO;61;575.47;34;-38.0000;38
ACO;67;626.33;34;-38.0000;38
ACO;73;676.46;34;-38.0000;38
ACO;79;726.64;34;-38.0000;38
ACO;85;777.81;34;-38.0000;38
ACO;91;828.51;34;-38.0000;38
ACO;98;886.57;34;-38.0000;38
ACO;104;937.19;34;-38.0000;38
ACO;111;995.04;34;-38.0000;38
ACO;4;39.10;112;-144.0000;144
ACO;5;49.37;112;-134.0000;134
ACO;8;79.09;112;-122.0000;122
ACO;14;136.01;112;-122.0000;122
ACO;20;191.81;112;-122.0000;122
ACO;26;248.08;112;-122.0000;122
ACO;32;303.77;112;-122.0000;122
ACO;38;360.05;112;-122.0000;122
ACO;44;417.53;112;-122.0000;122
ACO;46;469.95;112;-122.0000;122
ACO;48;520.23;112;-122.0000;122
ACO;51;593.72;112;-122.0000;122
ACO;53;647.69;112;-122.0000;122
ACO;56;720.97;112;-122.0000;122
ACO;58;771.87;112;-122.0000;122
ACO;60;823.58;112;-122.0000;122
ACO;62;905.26;112;-122.0000;122
ACO;65;933.71;112;-120.0000;120
ACO;71;992.88;112;-120.0000;120
ACO;1;7.89;131;-174.0000;174
ACO;2;15.23;131;-154.0000;154
ACO;3;22.29;131;-146.0000;146
ACO;4;28.96;131;-144.0000;144
ACO;8;53.44;131;-141.0000;141
ACO;9;59.91;131;-140.0000;140
ACO;12;77.10;131;-138.0000;138
ACO;14;89.58;131;-136.0000;136
ACO;24;144.48;131;-136.0000;136
ACO;34;197.33;131;-136.0000;136
ACO;44;251.26;131;-136.0000;136
ACO;49;322.30;131;-136.0000;136
ACO;59;376.43;131;-136.0000;136
ACO;69;431.81;131;-136.0000;136
ACO;79;485.46;131;-136.0000;136
ACO;89;538.83;131;-136.0000;136
ACO;99;592.29;131;-136.0000;136
ACO;108;644.06;131;-136.0000;136
ACO;118;699.46;131;-136.0000;136
ACO;128;753.18;131;-136.0000;136
ACO;138;808.06;131;-136.0000;136
ACO;148;861.91;131;-136.0000;136
ACO;158;916.60;131;-136.0000;136
ACO;168;970.35;131;-136.0000;136
ACO;171;1029.46;131;-136.0000;136
ACO;1;8.77;63;-74.0000;74
ACO;8;62.03;63;-73.0000;73
ACO;9;69.84;63;-69.0000;69
ACO;15;110.84;63;-68.0000;68
ACO;23;161.83;63;-68.0000;68
ACO;31;215.95;63;-68.0000;68
ACO;39;266.96;63;-68.0000;68
ACO;47;321.56;63;-68.0000;68
ACO;55;375.74;63;-68.0000;68
ACO;63;429.89;63;-68.0000;68
ACO;71;484.89;63;-68.0000;68
ACO;79;541.05;63;-68.0000;68
ACO;87;597.89;63;-68.0000;68
ACO;95;650.92;63;-68.0000;68
ACO;100;727.43;63;-68.0000;68
ACO;109;780.58;63;-68.0000;68
ACO;117;835.40;63;-68.0000;68
ACO;125;890.06;63;-68.0000;68
ACO;133;945.37;63;-68.0000;68
ACO;141;1000.05;63;-68.0000;68
ACO;1;10.21;49;-81.0000;81
ACO;4;38.19;49;-77.0000;77
ACO;5;47.39;49;-72.0000;72
ACO;7;66.43;49;-65.0000;65
ACO;8;77.87;49;-56.0000;56
ACO;12;115.21;49;-55.0000;55
ACO;13;127.07;49;-54.0000;54
ACO;19;183.14;49;-54.0000;54
ACO;25;235.98;49;-54.0000;54
ACO;31;286.97;49;-54.0000;54
ACO;37;344.83;49;-54.0000;54
ACO;43;395.16;49;-54.0000;54
ACO;46;462.86;49;-54.0000;54
ACO;52;514.72;49;-54.0000;54
ACO;58;564.89;49;-54.0000;54
ACO;64;616.53;49;-54.0000;54
ACO;70;666.84;49;-54.0000;54
ACO;76;716.94;49;-54.0000;54
ACO;83;775.06;49;-54.0000;54
ACO;89;825.35;49;-54.0000;54
ACO;95;875.49;49;-54.0000;54
ACO;101;926.00;49;-54.0000;54
ACO;107;979.50;49;-54.0000;54
ACO;1;3.52;16;-19.0000;19
ACO;27;53.73;16;-19.0000;19
ACO;62;105.05;16;-19.0000;19
ACO;96;155.56;16;-19.0000;19
ACO;131;206.42;16;-19.0000;19
ACO;167;257.52;16;-19.0000;19
ACO;202;308.27;16;-19.0000;19
ACO;237;358.36;16;-19.0000;19
ACO;248;415.22;16;-19.0000;19
ACO;281;466.56;16;-19.0000;19
ACO;316;517.40;16;-19.0000;19
ACO;350;568.27;16;-19.0000;19
ACO;385;618.49;16;-19.0000;19
ACO;421;669.46;16;-19.0000;19
ACO;455;719.93;16;-19.0000;19
ACO;491;770.32;16;-19.0000;19
ACO;528;821.73;16;-19.0000;19
ACO;564;873.32;16;-19.0000;19
ACO;599;923.95;16;-19.0000;19
ACO;624;1001.82;16;-19.0000;19
ACO;4;34.49;70;-113.0000;113
ACO;10;90.43;70;-113.0000;113
ACO;17;146.18;70;-113.0000;113
ACO;21;178.41;70;-85.0000;85
ACO;28;235.19;70;-85.0000;85
ACO;35;290.74;70;-85.0000;85
ACO;41;340.91;70;-85.0000;85
ACO;48;398.25;70;-85.0000;85
ACO;55;454.24;70;-85.0000;85
ACO;62;510.63;70;-85.0000;85
ACO;69;566.88;70;-85.0000;85
ACO;73;642.46;70;-85.0000;85
ACO;79;693.66;70;-85.0000;85
ACO;86;751.17;70;-85.0000;85
ACO;93;807.54;70;-80.0000;80
ACO;100;864.72;70;-80.0000;80
ACO;104;897.34;70;-78.0000;78
ACO;110;947.78;70;-78.0000;78
ACO;116;998.23;70;-78.0000;78
ACO;117;1006.94;70;-77.0000;77
ACO;39;377.31;54;-76.0000;76
ACO;45;428.32;54;-76.0000;76
ACO;51;479.86;54;-76.0000;76
ACO;57;531.49;54;-76.0000;76
ACO;63;582.99;54;-76.0000;76
ACO;69;637.06;54;-76.0000;76
ACO;75;689.42;54;-76.0000;76
ACO;81;741.39;54;-76.0000;76
ACO;85;776.93;54;-72.0000;72
ACO;91;830.80;54;-72.0000;72
ACO;97;882.50;54;-72.0000;72
ACO;102;926.75;54;-61.0000;61
ACO;103;979.53;54;-61.0000;61
ACO;1;10.74;29;-46.0000;46
ACO;2;21.22;29;-38.0000;38
ACO;3;32.62;29;-37.0000;37
ACO;6;57.39;29;-32.0000;32
ACO;13;109.83;29;-32.0000;32
ACO;20;166.84;29;-32.0000;32
ACO;27;219.93;29;-32.0000;32
ACO;34;316.94;29;-32.0000;32
ACO;41;371.50;29;-32.0000;32
ACO;48;424.64;29;-32.0000;32
ACO;55;481.22;29;-32.0000;32
ACO;62;533.64;29;-32.0000;32
ACO;69;587.04;29;-32.0000;32
ACO;76;638.41;29;-32.0000;32
ACO;82;689.60;29;-32.0000;32
ACO;89;741.26;29;-32.0000;32
ACO;96;796.20;29;-32.0000;32
ACO;103;851.94;29;-32.0000;32
ACO;110;906.64;29;-32.0000;32
ACO;117;962.47;29;-32.0000;32
ACO;120;1026.62;29;-32.0000;32
ACO;4;36.79;67;-88.0000;88
ACO;10;91.17;67;-74.0000;74
ACO;16;144.33;67;-74.0000;74
ACO;22;199.21;67;-74.0000;74
ACO;28;252.49;67;-74.0000;74
ACO;33;340.56;67;-74.0000;74
ACO;39;395.32;67;-74.0000;74
ACO;45;457.78;67;-74.0000;74
ACO;51;510.63;67;-74.0000;74
ACO;57;567.95;67;-74.0000;74
ACO;63;621.75;67;-74.0000;74
ACO;69;674.58;67;-74.0000;74
ACO;75;727.68;67;-74.0000;74
ACO;81;783.26;67;-74.0000;74
ACO;87;838.68;67;-74.0000;74
ACO;93;894.81;67;-74.0000;74
ACO;99;955.76;67;-74.0000;74
ACO;1;4.70;31;-36.0000;36
ACO;2;8.25;31;-34.0000;34
ACO;12;65.81;31;-34.0000;34
ACO;39;116.65;31;-34.0000;34
ACO;67;168.34;31;-34.0000;34
ACO;95;220.27;31;-34.0000;34
ACO;122;271.60;31;-34.0000;34
ACO;148;322.98;31;-34.0000;34
ACO;175;373.18;31;-34.0000;34
ACO;203;425.03;31;-34.0000;34
ACO;231;476.59;31;-34.0000;34
ACO;254;526.92;31;-34.0000;34
ACO;281;576.96;31;-34.0000;34
ACO;308;627.37;31;-34.0000;34
ACO;330;687.00;31;-34.0000;34
ACO;343;737.34;31;-34.0000;34
ACO;370;788.91;31;-34.0000;34
ACO;396;840.24;31;-34.0000;34
ACO;418;890.45;31;-34.0000;34
ACO;445;942.17;31;-34.0000;34
ACO;472;992.83;31;-34.0000;34
ACO;1;4.96;21;-23.0000;23
ACO;23;55.75;21;-23.0000;23
ACO;48;107.41;21;-23.0000;23
ACO;72;157.68;21;-23.0000;23
ACO;97;208.53;21;-23.0000;23
ACO;123;260.38;21;-23.0000;23
ACO;148;311.40;21;-23.0000;23
ACO;153;364.92;21;-23.0000;23
ACO;162;418.87;21;-23.0000;23
ACO;170;470.75;21;-23.0000;23
ACO;179;522.74;21;-23.0000;23
ACO;188;575.22;21;-23.0000;23
ACO;196;631.37;21;-23.0000;23
ACO;205;686.93;21;-23.0000;23
ACO;211;764.85;21;-23.0000;23
ACO;235;815.83;21;-23.0000;23
ACO;257;866.98;21;-23.0000;23
ACO;282;917.79;21;-23.0000;23
ACO;307;968.89;21;-23.0000;23
ACO;1;2.80;21;-26.0000;26
ACO;2;5.17;21;-25.0000;25
ACO;4;9.45;21;-24.0000;24
ACO;27;62.75;21;-24.0000;24
ACO;44;113.06;21;-24.0000;24
ACO;79;164.03;21;-24.0000;24
ACO;114;214.93;21;-24.0000;24
ACO;149;265.98;21;-24.0000;24
ACO;181;317.24;21;-24.0000;24
ACO;216;368.14;21;-24.0000;24
ACO;251;418.82;21;-24.0000;24
ACO;286;469.86;21;-24.0000;24
ACO;319;520.25;21;-24.0000;24
ACO;352;571.46;21;-24.0000;24
ACO;385;622.28;21;-24.0000;24
ACO;405;694.08;21;-24.0000;24
ACO;440;745.09;21;-24.0000;24
ACO;475;795.49;21;-24.0000;24
ACO;510;846.66;21;-24.0000;24
ACO;545;897.39;21;-24.0000;24
ACO;580;948.75;21;-24.0000;24
ACO;615;1000.12;21;-24.0000;24
ACO;6;56.14;69;-87.0000;87
ACO;7;66.44;69;-85.0000;85
ACO;8;76.30;69;-81.0000;81
ACO;14;131.37;69;-81.0000;81
ACO;16;150.49;69;-76.0000;76
ACO;19;179.05;69;-75.0000;75
ACO;25;235.39;69;-75.0000;75
ACO;31;290.34;69;-75.0000;75
ACO;33;352.15;69;-75.0000;75
ACO;39;405.97;69;-75.0000;75
ACO;45;461.24;69;-75.0000;75
ACO;51;515.20;69;-75.0000;75
ACO;57;568.72;69;-75.0000;75
ACO;63;623.95;69;-75.0000;75
ACO;69;680.31;69;-75.0000;75
ACO;75;734.64;69;-75.0000;75
ACO;81;789.21;69;-75.0000;75
ACO;87;844.22;69;-75.0000;75
ACO;93;897.38;69;-75.0000;75
ACO;99;951.14;69;-75.0000;75
ACO;105;1005.23;69;-75.0000;75
ACO;1;7.23;65;-76.0000;76
ACO;3;54.78;65;-74.0000;74
ACO;6;68.86;65;-71.0000;71
ACO;19;120.23;65;-71.0000;71
ACO;33;171.91;65;-71.0000;71
ACO;48;224.04;65;-71.0000;71
ACO;62;274.82;65;-71.0000;71
ACO;75;327.46;65;-71.0000;71
ACO;90;380.74;65;-71.0000;71
ACO;102;434.01;65;-71.0000;71
ACO;114;486.92;65;-71.0000;71
ACO;128;539.41;65;-71.0000;71
ACO;141;590.26;65;-71.0000;71
ACO;155;642.65;65;-71.0000;71
ACO;166;697.03;65;-71.0000;71
ACO;178;785.75;65;-71.0000;71
ACO;192;837.18;65;-71.0000;71
ACO;207;890.32;65;-71.0000;71
ACO;222;943.35;65;-71.0000;71
ACO;236;994.97;65;-71.0000;71
ACO;1;10.40;77;-117.0000;117
ACO;2;20.23;77;-98.0000;98
ACO;4;39.66;77;-97.0000;97
ACO;8;77.11;77;-87.0000;87
ACO;9;86.16;77;-83.0000;83
ACO;11;104.08;77;-81.0000;81
ACO;17;158.68;77;-81.0000;81
ACO;23;209.55;77;-81.0000;81
ACO;29;261.86;77;-81.0000;81
ACO;35;317.54;77;-81.0000;81
ACO;41;368.66;77;-81.0000;81
ACO;47;419.74;77;-81.0000;81
ACO;51;497.90;77;-81.0000;81
ACO;57;548.45;77;-81.0000;81
ACO;63;598.97;77;-81.0000;81
ACO;69;649.89;77;-81.0000;81
ACO;75;702.52;77;-81.0000;81
ACO;81;756.10;77;-81.0000;81
ACO;87;807.70;77;-81.0000;81
ACO;93;859.01;77;-81.0000;81
ACO;99;911.22;77;-81.0000;81
ACO;105;964.25;77;-81.0000;81
ACO;1;3.04;20;-25.0000;25
ACO;34;54.50;20;-25.0000;25
ACO;67;106.13;20;-25.0000;25
ACO;88;160.98;20;-25.0000;25
ACO;103;211.11;20;-25.0000;25
ACO;136;262.29;20;-25.0000;25
ACO;169;312.98;20;-25.0000;25
ACO;202;364.07;20;-25.0000;25
ACO;234;414.83;20;-25.0000;25
ACO;267;466.05;20;-25.0000;25
ACO;299;516.67;20;-25.0000;25
ACO;331;567.09;20;-25.0000;25
ACO;364;617.74;20;-25.0000;25
ACO;395;667.90;20;-25.0000;25
ACO;426;718.93;20;-25.0000;25
ACO;444;789.39;20;-25.0000;25
ACO;477;840.30;20;-25.0000;25
ACO;510;891.70;20;-25.0000;25
ACO;542;943.12;20;-25.0000;25
ACO;572;993.26;20;-25.0000;25
ACO;45;388.93;101;-124.0000;124
ACO;46;442.10;101;-124.0000;124
ACO;49;468.73;101;-122.0000;122
ACO;55;522.34;101;-122.0000;122
ACO;61;574.46;101;-122.0000;122
ACO;67;626.53;101;-122.0000;122
ACO;73;678.92;101;-122.0000;122
ACO;75;697.80;101;-111.0000;111
ACO;81;751.32;101;-111.0000;111
ACO;87;803.09;101;-111.0000;111
ACO;93;854.81;101;-111.0000;111
ACO;99;908.54;101;-111.0000;111
ACO;105;962.02;101;-111.0000;111
ACO;3;27.14;51;-109.0000;109
ACO;4;36.37;51;-81.0000;81
ACO;7;62.97;51;-70.0000;70
ACO;8;71.82;51;-62.0000;62
ACO;9;124.05;51;-62.0000;62
ACO;10;133.24;51;-57.0000;57
ACO;16;183.36;51;-57.0000;57
ACO;22;234.85;51;-57.0000;57
ACO;28;285.32;51;-57.0000;57
ACO;34;336.63;51;-57.0000;57
ACO;40;388.89;51;-57.0000;57
ACO;46;440.84;51;-57.0000;57
ACO;53;499.05;51;-57.0000;57
ACO;59;550.16;51;-57.0000;57
ACO;65;600.61;51;-57.0000;57
ACO;71;650.70;51;-57.0000;57
ACO;77;701.03;51;-57.0000;57
ACO;83;753.72;51;-57.0000;57
ACO;86;822.09;51;-57.0000;57
ACO;92;872.83;51;-57.0000;57
ACO;98;923.58;51;-57.0000;57
ACO;104;973.72;51;-57.0000;57
ACO;1;7.35;46;-63.0000;63
ACO;2;14.27;46;-57.0000;57
ACO;4;25.44;46;-55.0000;55
ACO;9;47.94;46;-51.0000;51
ACO;25;101.08;46;-51.0000;51
ACO;40;153.76;46;-51.0000;51
ACO;55;205.89;46;-51.0000;51
ACO;70;257.58;46;-51.0000;51
ACO;84;308.45;46;-51.0000;51
ACO;99;360.67;46;-51.0000;51
ACO;114;414.03;46;-51.0000;51
ACO;124;491.54;46;-51.0000;51
ACO;137;542.83;46;-51.0000;51
ACO;152;594.23;46;-51.0000;51
ACO;166;645.16;46;-51.0000;51
ACO;180;696.71;46;-51.0000;51
ACO;194;746.74;46;-51.0000;51
ACO;208;800.13;46;-51.0000;51
ACO;222;852.71;46;-51.0000;51
ACO;236;904.09;46;-51.0000;51
ACO;251;955.01;46;-51.0000;51
ACO;1;8.82;77;-87.0000;87
ACO;3;25.94;77;-83.0000;83
ACO;8;66.30;77;-81.0000;81
ACO;14;114.33;77;-80.0000;80
ACO;17;184.48;77;-80.0000;80
ACO;24;237.82;77;-80.0000;80
ACO;31;291.55;77;-80.0000;80
ACO;38;344.65;77;-80.0000;80
ACO;45;400.39;77;-80.0000;80
ACO;52;454.54;77;-80.0000;80
ACO;59;510.42;77;-80.0000;80
ACO;66;567.81;77;-80.0000;80
ACO;73;625.73;77;-80.0000;80
ACO;80;677.84;77;-80.0000;80
ACO;87;731.86;77;-80.0000;80
ACO;94;786.50;77;-80.0000;80
ACO;100;872.79;77;-80.0000;80
ACO;107;926.80;77;-80.0000;80
ACO;114;981.51;77;-80.0000;80
ACO;1;8.30;26;-45.0000;45
ACO;2;16.91;26;-35.0000;35
ACO;3;25.24;26;-33.0000;33
ACO;10;78.37;26;-33.0000;33
ACO;17;130.02;26;-33.0000;33
ACO;23;175.54;26;-32.0000;32
ACO;28;213.36;26;-31.0000;31
ACO;34;264.42;26;-31.0000;31
ACO;41;321.04;26;-31.0000;31
ACO;48;378.43;26;-31.0000;31
ACO;54;429.66;26;-31.0000;31
ACO;61;485.09;26;-31.0000;31
ACO;63;551.80;26;-31.0000;31
ACO;70;607.13;26;-31.0000;31
ACO;76;658.57;26;-31.0000;31
ACO;83;715.21;26;-31.0000;31
ACO;90;768.78;26;-31.0000;31
ACO;97;824.20;26;-31.0000;31
ACO;104;879.14;26;-31.0000;31
ACO;111;933.56;26;-31.0000;31
ACO;118;986.66;26;-31.0000;31
ACO;10;103.47;98;-148.0000;148
ACO;11;117.07;98;-142.0000;142
ACO;12;133.73;98;-121.0000;121
ACO;17;189.32;98;-111.0000;111
ACO;21;275.13;98;-111.0000;111
ACO;24;306.76;98;-110.0000;110
ACO;30;361.02;98;-110.0000;110
ACO;36;416.64;98;-110.0000;110
ACO;38;435.42;98;-108.0000;108
ACO;44;490.89;98;-108.0000;108
ACO;50;549.04;98;-108.0000;108
ACO;56;603.81;98;-108.0000;108
ACO;62;659.03;98;-108.0000;108
ACO;68;714.11;98;-108.0000;108
ACO;69;724.01;98;-106.0000;106
ACO;75;779.51;98;-106.0000;106
ACO;81;834.95;98;-106.0000;106
ACO;87;890.38;98;-106.0000;106
ACO;93;948.07;98;-106.0000;106
ACO;96;1019.27;98;-106.0000;106
ACO;1;9.95;33;-50.0000;50
ACO;2;18.97;33;-42.0000;42
ACO;3;28.53;33;-40.0000;40
ACO;6;52.57;33;-38.0000;38
ACO;8;69.06;33;-37.0000;37
ACO;15;122.92;33;-37.0000;37
ACO;22;173.89;33;-37.0000;37
ACO;29;227.86;33;-37.0000;37
ACO;36;280.11;33;-37.0000;37
ACO;43;334.63;33;-37.0000;37
ACO;50;389.24;33;-37.0000;37
ACO;57;441.85;33;-37.0000;37
ACO;64;496.99;33;-37.0000;37
ACO;71;549.51;33;-37.0000;37
ACO;78;602.25;33;-37.0000;37
ACO;81;669.05;33;-37.0000;37
ACO;88;720.29;33;-37.0000;37
ACO;94;773.80;33;-37.0000;37
ACO;101;827.01;33;-37.0000;37
ACO;108;880.22;33;-37.0000;37
ACO;115;932.60;33;-37.0000;37
ACO;122;986.85;33;-37.0000;37
ACO;1;10.01;77;-95.0000;95
ACO;5;46.31;77;-94.0000;94
ACO;6;55.69;77;-88.0000;88
ACO;9;84.06;77;-85.0000;85
ACO;13;119.81;77;-84.0000;84
ACO;19;173.39;77;-84.0000;84
ACO;25;225.39;77;-83.0000;83
ACO;31;275.57;77;-83.0000;83
ACO;36;348.72;77;-83.0000;83
ACO;39;417.54;77;-83.0000;83
ACO;42;486.69;77;-83.0000;83
ACO;45;557.46;77;-83.0000;83
ACO;48;627.30;77;-83.0000;83
ACO;51;697.60;77;-83.0000;83
ACO;53;782.47;77;-83.0000;83
ACO;59;832.63;77;-83.0000;83
ACO;65;884.49;77;-83.0000;83
ACO;71;934.68;77;-83.0000;83
ACO;78;992.54;77;-83.0000;83
ACO;2;20.07;61;-85.0000;85
ACO;4;39.69;61;-82.0000;82
ACO;7;67.61;61;-71.0000;71
ACO;8;79.16;61;-70.0000;70
ACO;14;135.79;61;-70.0000;70
ACO;15;190.29;61;-70.0000;70
ACO;21;241.88;61;-70.0000;70
ACO;27;293.34;61;-70.0000;70
ACO;33;344.06;61;-70.0000;70
ACO;39;398.61;61;-70.0000;70
ACO;45;451.23;61;-70.0000;70
ACO;46;460.80;61;-69.0000;69
ACO;52;513.46;61;-69.0000;69
ACO;55;540.71;61;-68.0000;68
ACO;61;594.56;61;-68.0000;68
ACO;67;647.17;61;-68.0000;68
ACO;73;700.74;61;-68.0000;68
ACO;79;754.56;61;-68.0000;68
ACO;85;807.40;61;-68.0000;68
ACO;91;904.45;61;-68.0000;68
ACO;97;956.88;61;-68.0000;68
ACO;1;9.70;64;-98.0000;98
ACO;3;28.14;64;-84.0000;84
ACO;4;38.36;64;-80.0000;80
ACO;5;52.95;64;-77.0000;77
ACO;7;72.65;64;-70.0000;70
ACO;9;90.68;64;-69.0000;69
ACO;13;125.43;64;-68.0000;68
ACO;19;175.90;64;-68.0000;68
ACO;25;227.81;64;-68.0000;68
ACO;31;282.99;64;-68.0000;68
ACO;35;334.87;64;-68.0000;68
ACO;41;392.91;64;-68.0000;68
ACO;48;447.91;64;-68.0000;68
ACO;54;502.72;64;-68.0000;68
ACO;61;559.86;64;-68.0000;68
ACO;66;643.75;64;-68.0000;68
ACO;72;694.84;64;-68.0000;68
ACO;78;747.31;64;-68.0000;68
ACO;85;803.85;64;-68.0000;68
ACO;92;861.37;64;-68.0000;68
ACO;99;917.51;64;-68.0000;68
ACO;106;974.30;64;-68.0000;68
ACO;4;39.23;67;-126.0000;126
ACO;6;58.70;67;-84.0000;84
ACO;7;68.16;67;-82.0000;82
ACO;11;103.76;67;-81.0000;81
ACO;13;121.70;67;-78.0000;78
ACO;17;157.07;67;-75.0000;75
ACO;22;204.36;67;-73.0000;73
ACO;28;257.06;67;-73.0000;73
ACO;32;315.90;67;-73.0000;73
ACO;35;367.13;67;-73.0000;73
ACO;41;420.00;67;-73.0000;73
ACO;47;472.66;67;-73.0000;73
ACO;53;525.28;67;-73.0000;73
ACO;59;579.01;67;-73.0000;73
ACO;65;634.51;67;-73.0000;73
ACO;71;687.12;67;-73.0000;73
ACO;77;739.38;67;-73.0000;73
ACO;83;792.97;67;-73.0000;73
ACO;88;843.81;67;-73.0000;73
ACO;94;899.06;67;-73.0000;73
ACO;100;953.22;67;-73.0000;73
ACO;106;1005.51;67;-73.0000;73
ACO;6;53.41;53;-84.0000;84
ACO;10;89.69;53;-77.0000;77
ACO;14;125.96;53;-67.0000;67
ACO;19;170.26;53;-66.0000;66
ACO;25;222.67;53;-63.0000;63
ACO;31;276.02;53;-63.0000;63
ACO;37;333.21;53;-63.0000;63
ACO;42;424.44;53;-63.0000;63
ACO;48;477.36;53;-63.0000;63
ACO;54;529.97;53;-62.0000;62
ACO;59;581.50;53;-62.0000;62
ACO;64;634.84;53;-62.0000;62
ACO;70;690.38;53;-62.0000;62
ACO;76;744.57;53;-62.0000;62
ACO;82;797.71;53;-62.0000;62
ACO;87;842.70;53;-61.0000;61
ACO;88;852.10;53;-60.0000;60
ACO;94;911.16;53;-60.0000;60
ACO;100;966.14;53;-60.0000;60
ACO;1;6.27;101;-120.0000;120
ACO;2;12.70;101;-115.0000;115
ACO;3;21.68;101;-112.0000;112
ACO;5;32.91;101;-111.0000;111
ACO;6;38.24;101;-108.0000;108
ACO;9;51.61;101;-107.0000;107
ACO;15;76.84;101;-106.0000;106
ACO;24;155.18;101;-106.0000;106
ACO;36;205.32;101;-106.0000;106
ACO;49;257.43;101;-106.0000;106
ACO;62;309.98;101;-106.0000;106
ACO;75;363.33;101;-106.0000;106
ACO;88;415.63;101;-106.0000;106
ACO;101;467.73;101;-106.0000;106
ACO;114;520.65;101;-106.0000;106
ACO;127;574.57;101;-106.0000;106
ACO;140;627.73;101;-106.0000;106
ACO;153;680.94;101;-106.0000;106
ACO;166;734.50;101;-106.0000;106
ACO;179;787.12;101;-106.0000;106
ACO;189;870.96;101;-106.0000;106
ACO;202;924.32;101;-106.0000;106
ACO;215;976.56;101;-106.0000;106
ACO;2;19.68;81;-122.0000;122
ACO;5;48.66;81;-117.0000;117
ACO;6;58.47;81;-98.0000;98
ACO;10;94.25;81;-92.0000;92
ACO;16;153.84;81;-92.0000;92
ACO;18;173.39;81;-91.0000;91
ACO;24;228.62;81;-88.0000;88
ACO;30;284.55;81;-88.0000;88
ACO;36;340.70;81;-88.0000;88
ACO;42;395.74;81;-88.0000;88
ACO;48;449.59;81;-88.0000;88
ACO;54;504.41;81;-88.0000;88
ACO;60;574.95;81;-88.0000;88
ACO;63;628.37;81;-88.0000;88
ACO;69;682.07;81;-88.0000;88
ACO;75;734.70;81;-88.0000;88
ACO;81;785.97;81;-88.0000;88
ACO;87;837.17;81;-88.0000;88
ACO;93;889.71;81;-88.0000;88
ACO;99;942.29;81;-88.0000;88
ACO;105;995.68;81;-88.0000;88
ACO;4;35.22;78;-98.0000;98
ACO;10;86.94;78;-98.0000;98
ACO;16;138.84;78;-98.0000;98
ACO;19;189.33;78;-98.0000;98
ACO;25;239.70;78;-98.0000;98
ACO;26;248.66;78;-93.0000;93
ACO;29;316.54;78;-93.0000;93
ACO;35;368.61;78;-93.0000;93
ACO;41;419.86;78;-93.0000;93
ACO;47;470.50;78;-93.0000;93
ACO;53;521.19;78;-93.0000;93
ACO;59;571.95;78;-93.0000;93
ACO;65;624.37;78;-93.0000;93
ACO;71;675.00;78;-93.0000;93
ACO;74;700.52;78;-89.0000;89
ACO;80;750.99;78;-89.0000;89
ACO;86;802.98;78;-89.0000;89
ACO;92;853.96;78;-89.0000;89
ACO;97;895.90;78;-86.0000;86
ACO;102;938.26;78;-85.0000;85
ACO;103;990.22;78;-85.0000;85
ACO;2;20.16;76;-102.0000;102
ACO;3;30.52;76;-93.0000;93
ACO;4;40.80;76;-92.0000;92
ACO;6;61.22;76;-89.0000;89
ACO;10;100.30;76;-88.0000;88
ACO;16;157.30;76;-88.0000;88
ACO;17;167.45;76;-85.0000;85
ACO;23;223.08;76;-85.0000;85
ACO;29;278.78;76;-85.0000;85
ACO;35;332.44;76;-85.0000;85
ACO;41;386.17;76;-85.0000;85
ACO;47;440.32;76;-85.0000;85
ACO;53;494.38;76;-85.0000;85
ACO;59;548.31;76;-85.0000;85
ACO;65;603.01;76;-85.0000;85
ACO;71;701.48;76;-85.0000;85
ACO;73;720.28;76;-83.0000;83
ACO;75;738.54;76;-82.0000;82
ACO;81;794.63;76;-82.0000;82
ACO;87;854.19;76;-82.0000;82
ACO;92;908.62;76;-82.0000;82
ACO;98;967.13;76;-82.0000;82
ACO;1;9.61;32;-57.0000;57
ACO;2;19.07;32;-53.0000;53
ACO;3;28.34;32;-42.0000;42
ACO;5;45.39;32;-38.0000;38
ACO;7;105.21;32;-38.0000;38
ACO;12;146.00;32;-36.0000;36
ACO;19;200.36;32;-36.0000;36
ACO;26;256.39;32;-36.0000;36
ACO;33;310.27;32;-36.0000;36
ACO;40;365.31;32;-36.0000;36
ACO;47;419.05;32;-36.0000;36
ACO;54;475.49;32;-36.0000;36
ACO;61;530.90;32;-36.0000;36
ACO;68;584.41;32;-36.0000;36
ACO;75;639.51;32;-36.0000;36
ACO;82;694.98;32;-36.0000;36
ACO;89;791.73;32;-36.0000;36
ACO;96;846.05;32;-36.0000;36
ACO;103;899.46;32;-36.0000;36
ACO;110;953.35;32;-36.0000;36
ACO;1;9.35;66;-101.0000;101
ACO;2;18.37;66;-92.0000;92
ACO;3;27.73;66;-82.0000;82
ACO;4;36.45;66;-72.0000;72
ACO;8;69.96;66;-71.0000;71
ACO;15;123.76;66;-71.0000;71
ACO;16;174.97;66;-71.0000;71
ACO;23;231.78;66;-71.0000;71
ACO;30;289.34;66;-71.0000;71
ACO;37;346.22;66;-71.0000;71
ACO;44;402.37;66;-71.0000;71
ACO;51;459.40;66;-71.0000;71
ACO;57;511.64;66;-71.0000;71
ACO;63;561.77;66;-71.0000;71
ACO;69;612.09;66;-71.0000;71
ACO;76;668.44;66;-71.0000;71
ACO;83;723.18;66;-71.0000;71
ACO;90;777.48;66;-71.0000;71
ACO;96;854.60;66;-71.0000;71
ACO;99;925.28;66;-71.0000;71
ACO;102;994.77;66;-71.0000;71
ACO;1;28.11;54;-71.0000;71
ACO;2;54.93;54;-60.0000;60
ACO;5;129.58;54;-60.0000;60
ACO;6;183.43;54;-58.0000;58
ACO;10;214.72;54;-57.0000;57
ACO;17;267.30;54;-57.0000;57
ACO;24;321.96;54;-57.0000;57
ACO;31;376.13;54;-57.0000;57
ACO;38;431.00;54;-57.0000;57
ACO;44;484.62;54;-57.0000;57
ACO;50;536.41;54;-57.0000;57
ACO;57;592.73;54;-57.0000;57
ACO;64;644.94;54;-57.0000;57
ACO;71;696.88;54;-57.0000;57
ACO;78;751.27;54;-57.0000;57
ACO;85;806.90;54;-57.0000;57
ACO;86;868.12;54;-57.0000;57
ACO;93;922.20;54;-57.0000;57
ACO;99;972.31;54;-57.0000;57
ACO;3;27.86;81;-134.0000;134
ACO;4;38.13;81;-89.0000;89
ACO;10;97.76;81;-89.0000;89
ACO;14;135.13;81;-88.0000;88
ACO;20;190.75;81;-88.0000;88
ACO;26;241.84;81;-88.0000;88
ACO;27;251.28;81;-87.0000;87
ACO;33;308.30;81;-87.0000;87
ACO;39;361.79;81;-87.0000;87
ACO;45;416.41;81;-87.0000;87
ACO;51;468.15;81;-87.0000;87
ACO;57;521.80;81;-87.0000;87
ACO;60;592.39;81;-87.0000;87
ACO;66;648.00;81;-87.0000;87
ACO;72;699.16;81;-87.0000;87
ACO;78;750.50;81;-87.0000;87
ACO;84;803.91;81;-87.0000;87
ACO;90;855.64;81;-87.0000;87
ACO;96;910.10;81;-87.0000;87
ACO;102;963.94;81;-87.0000;87
ACO;1;1.85;6;-9.0000;9
ACO;50;52.61;6;-9.0000;9
ACO;99;102.87;6;-9.0000;9
ACO;148;152.88;6;-9.0000;9
ACO;176;223.51;6;-9.0000;9
ACO;223;273.88;6;-9.0000;9
ACO;272;324.13;6;-9.0000;9
ACO;322;375.09;6;-9.0000;9
ACO;371;425.57;6;-9.0000;9
ACO;420;475.71;6;-9.0000;9
ACO;469;526.00;6;-9.0000;9
ACO;518;576.36;6;-9.0000;9
ACO;567;627.27;6;-9.0000;9
ACO;612;678.10;6;-9.0000;9
ACO;637;746.43;6;-9.0000;9
ACO;682;796.59;6;-9.0000;9
ACO;727;847.50;6;-9.0000;9
ACO;773;898.16;6;-9.0000;9
ACO;822;948.32;6;-9.0000;9
ACO;870;998.67;6;-9.0000;9
ACO;1;5.26;35;-41.0000;41
ACO;2;8.97;35;-38.0000;38
ACO;19;60.78;35;-38.0000;38
ACO;40;112.72;35;-38.0000;38
ACO;60;165.15;35;-38.0000;38
ACO;81;215.87;35;-38.0000;38
ACO;102;267.84;35;-38.0000;38
ACO;121;322.17;35;-38.0000;38
ACO;128;374.18;35;-38.0000;38
ACO;148;424.87;35;-38.0000;38
ACO;168;475.68;35;-38.0000;38
ACO;188;525.68;35;-38.0000;38
ACO;209;578.14;35;-38.0000;38
ACO;231;629.99;35;-38.0000;38
ACO;253;681.06;35;-38.0000;38
ACO;271;731.22;35;-38.0000;38
ACO;292;781.33;35;-38.0000;38
ACO;314;833.34;35;-38.0000;38
ACO;336;884.78;35;-38.0000;38
ACO;359;936.71;35;-38.0000;38
ACO;381;988.69;35;-38.0000;38
ACO;10;93.89;96;-126.0000;126
ACO;12;113.51;96;-117.0000;117
ACO;14;132.51;96;-114.0000;114
ACO;20;187.99;96;-110.0000;110
ACO;22;207.08;96;-107.0000;107
ACO;28;262.85;96;-107.0000;107
ACO;34;318.54;96;-107.0000;107
ACO;40;375.37;96;-107.0000;107
ACO;46;431.08;96;-107.0000;107
ACO;52;488.48;96;-107.0000;107
ACO;58;544.34;96;-107.0000;107
ACO;64;600.30;96;-107.0000;107
ACO;70;655.50;96;-107.0000;107
ACO;74;736.48;96;-107.0000;107
ACO;80;793.06;96;-107.0000;107
ACO;86;849.69;96;-107.0000;107
ACO;92;907.49;96;-107.0000;107
ACO;98;965.76;96;-107.0000;107
ACO;13;118.91;127;-166.0000;166
ACO;14;129.43;127;-153.0000;153
ACO;20;184.40;127;-153.0000;153
ACO;26;239.81;127;-145.0000;145
ACO;32;293.40;127;-145.0000;145
ACO;38;346.62;127;-145.0000;145
ACO;44;401.29;127;-145.0000;145
ACO;45;455.26;127;-145.0000;145
ACO;51;512.01;127;-145.0000;145
ACO;53;530.56;127;-144.0000;144
ACO;59;584.26;127;-144.0000;144
ACO;65;639.88;127;-144.0000;144
ACO;71;696.73;127;-144.0000;144
ACO;75;734.10;127;-137.0000;137
ACO;81;787.60;127;-137.0000;137
ACO;83;806.84;127;-133.0000;133
ACO;89;863.24;127;-133.0000;133
ACO;95;920.03;127;-133.0000;133
ACO;101;977.02;127;-133.0000;133
ACO;1;10.30;125;-152.0000;152
ACO;2;20.43;125;-148.0000;148
ACO;5;49.91;125;-146.0000;146
ACO;8;78.74;125;-142.0000;142
ACO;9;88.26;125;-141.0000;141
ACO;10;98.37;125;-135.0000;135
ACO;14;182.36;125;-135.0000;135
ACO;20;239.79;125;-135.0000;135
ACO;22;258.62;125;-134.0000;134
ACO;23;268.23;125;-133.0000;133
ACO;24;278.18;125;-131.0000;131
ACO;30;332.66;125;-131.0000;131
ACO;36;387.73;125;-131.0000;131
ACO;42;443.27;125;-131.0000;131
ACO;48;500.18;125;-131.0000;131
ACO;53;557.59;125;-131.0000;131
ACO;59;614.06;125;-131.0000;131
ACO;61;633.00;125;-130.0000;130
ACO;67;686.57;125;-130.0000;130
ACO;73;740.19;125;-130.0000;130
ACO;79;794.13;125;-130.0000;130
ACO;85;847.76;125;-130.0000;130
ACO;90;934.92;125;-130.0000;130
ACO;96;992.55;125;-130.0000;130
ACO;1;9.31;62;-101.0000;101
ACO;2;18.01;62;-85.0000;85
ACO;3;26.78;62;-74.0000;74
ACO;4;35.31;62;-69.0000;69
ACO;11;91.29;62;-69.0000;69
ACO;17;138.70;62;-68.0000;68
ACO;24;194.67;62;-68.0000;68
ACO;31;251.27;62;-68.0000;68
ACO;38;304.98;62;-68.0000;68
ACO;45;361.24;62;-68.0000;68
ACO;52;416.43;62;-68.0000;68
ACO;59;472.24;62;-68.0000;68
ACO;66;529.25;62;-68.0000;68
ACO;71;613.37;62;-68.0000;68
ACO;78;668.35;62;-68.0000;68
ACO;85;723.83;62;-68.0000;68
ACO;91;775.47;62;-68.0000;68
ACO;97;826.75;62;-68.0000;68
ACO;104;883.26;62;-68.0000;68
ACO;110;934.20;62;-68.0000;68
ACO;116;986.80;62;-68.0000;68
ACO;53;488.88;122;-185.0000;185
ACO;59;542.01;122;-185.0000;185
ACO;64;584.58;122;-151.0000;151
ACO;70;640.06;122;-151.0000;151
ACO;76;691.80;122;-151.0000;151
ACO;82;743.03;122;-151.0000;151
ACO;85;769.29;122;-144.0000;144
ACO;91;820.57;122;-144.0000;144
ACO;97;871.73;122;-144.0000;144
ACO;103;967.13;122;-144.0000;144
ACO;1;9.55;54;-77.0000;77
ACO;2;18.80;54;-70.0000;70
ACO;4;35.90;54;-65.0000;65
ACO;8;69.60;54;-61.0000;61
ACO;11;93.55;54;-60.0000;60
ACO;17;143.94;54;-60.0000;60
ACO;20;167.69;54;-59.0000;59
ACO;27;222.26;54;-59.0000;59
ACO;34;272.84;54;-59.0000;59
ACO;41;326.98;54;-59.0000;59
ACO;48;381.42;54;-59.0000;59
ACO;53;433.21;54;-59.0000;59
ACO;55;507.43;54;-59.0000;59
ACO;62;564.91;54;-59.0000;59
ACO;68;615.11;54;-59.0000;59
ACO;75;670.26;54;-59.0000;59
ACO;82;727.22;54;-59.0000;59
ACO;89;785.03;54;-59.0000;59
ACO;96;840.93;54;-59.0000;59
ACO;102;892.26;54;-59.0000;59
ACO;109;949.68;54;-59.0000;59
ACO;116;1003.65;54;-59.0000;59
ACO;1;10.39;59;-82.0000;82
ACO;2;18.34;59;-66.0000;66
ACO;4;35.54;59;-63.0000;63
ACO;13;87.23;59;-63.0000;63
ACO;23;139.76;59;-63.0000;63
ACO;31;190.80;59;-63.0000;63
ACO;33;247.88;59;-63.0000;63
ACO;43;299.73;59;-63.0000;63
ACO;53;351.09;59;-63.0000;63
ACO;63;402.85;59;-63.0000;63
ACO;73;453.49;59;-63.0000;63
ACO;83;504.04;59;-63.0000;63
ACO;93;555.97;59;-63.0000;63
ACO;103;607.65;59;-63.0000;63
ACO;113;658.55;59;-63.0000;63
ACO;122;709.00;59;-63.0000;63
ACO;132;762.83;59;-63.0000;63
ACO;142;817.37;59;-63.0000;63
ACO;152;869.45;59;-63.0000;63
ACO;161;963.09;59;-63.0000;63
ACO;1;9.84;70;-84.0000;84
ACO;7;64.58;70;-84.0000;84
ACO;10;91.66;70;-82.0000;82
ACO;12;109.63;70;-80.0000;80
ACO;13;119.03;70;-77.0000;77
ACO;15;136.14;70;-75.0000;75
ACO;21;192.38;70;-75.0000;75
ACO;27;247.21;70;-75.0000;75
ACO;33;301.54;70;-75.0000;75
ACO;39;355.50;70;-75.0000;75
ACO;45;409.62;70;-75.0000;75
ACO;51;464.23;70;-75.0000;75
ACO;56;516.05;70;-75.0000;75
ACO;62;574.43;70;-75.0000;75
ACO;68;632.97;70;-75.0000;75
ACO;71;707.55;70;-75.0000;75
ACO;74;780.70;70;-75.0000;75
ACO;77;854.68;70;-75.0000;75
ACO;79;908.39;70;-75.0000;75
ACO;82;983.69;70;-75.0000;75
ACO;1;62.82;65;-104.0000;104
ACO;7;121.22;65;-104.0000;104
ACO;8;136.92;65;-92.0000;92
ACO;9;152.02;65;-90.0000;90
ACO;10;161.56;65;-89.0000;89
ACO;12;184.43;65;-85.0000;85
ACO;13;193.57;65;-80.0000;80
ACO;17;230.07;65;-77.0000;77
ACO;21;264.68;65;-73.0000;73
ACO;27;316.06;65;-73.0000;73
ACO;33;369.43;65;-73.0000;73
ACO;39;420.11;65;-73.0000;73
ACO;45;470.52;65;-73.0000;73
ACO;51;522.26;65;-73.0000;73
ACO;58;580.37;65;-73.0000;73
ACO;64;631.52;65;-73.0000;73
ACO;70;682.63;65;-73.0000;73
ACO;75;768.71;65;-73.0000;73
ACO;81;818.83;65;-73.0000;73
ACO;87;871.12;65;-73.0000;73
ACO;93;922.07;65;-73.0000;73
ACO;99;976.35;65;-73.0000;73
ACO;1;10.38;38;-96.0000;96
ACO;5;46.89;38;-48.0000;48
ACO;8;74.78;38;-44.0000;44
ACO;10;92.54;38;-43.0000;43
ACO;16;145.84;38;-43.0000;43
ACO;22;196.27;38;-43.0000;43
ACO;28;247.19;38;-43.0000;43
ACO;34;298.83;38;-43.0000;43
ACO;40;351.32;38;-43.0000;43
ACO;46;403.21;38;-43.0000;43
ACO;52;454.76;38;-43.0000;43
ACO;59;512.07;38;-41.0000;41
ACO;65;563.08;38;-41.0000;41
ACO;71;613.94;38;-41.0000;41
ACO;77;664.18;38;-41.0000;41
ACO;78;716.37;38;-41.0000;41
ACO;84;766.94;38;-41.0000;41
ACO;90;817.17;38;-41.0000;41
ACO;96;869.38;38;-41.0000;41
ACO;102;920.53;38;-41.0000;41
ACO;108;973.85;38;-41.0000;41
ACO;3;43.37;70;-104.0000;104
ACO;4;76.74;70;-78.0000;78
ACO;10;129.85;70;-78.0000;78
ACO;13;157.44;70;-77.0000;77
ACO;17;197.68;70;-76.0000;76
ACO;23;250.76;70;-76.0000;76
ACO;25;269.56;70;-75.0000;75
ACO;31;322.74;70;-75.0000;75
ACO;38;380.40;70;-75.0000;75
ACO;44;430.91;70;-75.0000;75
ACO;50;481.87;70;-75.0000;75
ACO;56;532.49;70;-75.0000;75
ACO;62;583.73;70;-75.0000;75
ACO;68;634.89;70;-75.0000;75
ACO;74;685.18;70;-75.0000;75
ACO;80;777.05;70;-75.0000;75
ACO;86;828.09;70;-75.0000;75
ACO;93;886.05;70;-75.0000;75
ACO;99;936.92;70;-75.0000;75
ACO;105;988.46;70;-75.0000;75
ACO;18;154.05;99;-141.0000;141
ACO;24;211.46;99;-141.0000;141
ACO;29;262.73;99;-141.0000;141
ACO;31;281.56;99;-119.0000;119
ACO;37;334.15;99;-119.0000;119
ACO;39;352.39;99;-118.0000;118
ACO;45;403.78;99;-118.0000;118
ACO;47;465.96;99;-118.0000;118
ACO;49;484.19;99;-117.0000;117
ACO;50;493.19;99;-116.0000;116
ACO;56;546.95;99;-116.0000;116
ACO;62;601.14;99;-116.0000;116
ACO;63;610.26;99;-113.0000;113
ACO;69;664.63;99;-113.0000;113
ACO;71;683.93;99;-112.0000;112
ACO;77;736.04;99;-112.0000;112
ACO;83;787.52;99;-112.0000;112
ACO;89;839.00;99;-112.0000;112
ACO;95;890.41;99;-112.0000;112
ACO;98;916.49;99;-107.0000;107
ACO;104;968.37;99;-107.0000;107
ACO;1;2.61;23;-27.0000;27
ACO;30;53.02;23;-27.0000;27
ACO;58;114.04;23;-27.0000;27
ACO;74;164.99;23;-27.0000;27
ACO;107;216.10;23;-27.0000;27
ACO;138;267.56;23;-27.0000;27
ACO;168;318.13;23;-27.0000;27
ACO;199;369.32;23;-27.0000;27
ACO;231;419.82;23;-27.0000;27
ACO;264;471.05;23;-27.0000;27
ACO;297;522.26;23;-27.0000;27
ACO;329;572.45;23;-27.0000;27
ACO;362;623.55;23;-27.0000;27
ACO;393;674.58;23;-27.0000;27
ACO;421;729.29;23;-27.0000;27
ACO;433;780.24;23;-27.0000;27
ACO;466;830.81;23;-27.0000;27
ACO;499;881.32;23;-27.0000;27
ACO;530;932.13;23;-27.0000;27
ACO;562;982.79;23;-27.0000;27
ACO;1;9.99;59;-86.0000;86
ACO;2;20.03;59;-73.0000;73
ACO;3;29.14;59;-64.0000;64
ACO;8;74.01;59;-63.0000;63
ACO;14;125.70;59;-63.0000;63
ACO;20;177.05;59;-63.0000;63
ACO;27;235.43;59;-63.0000;63
ACO;33;286.01;59;-63.0000;63
ACO;39;342.09;59;-63.0000;63
ACO;44;403.41;59;-63.0000;63
ACO;47;459.49;59;-63.0000;63
ACO;53;513.23;59;-63.0000;63
ACO;59;566.12;59;-63.0000;63
ACO;65;618.29;59;-63.0000;63
ACO;71;669.51;59;-63.0000;63
ACO;77;719.56;59;-63.0000;63
ACO;83;769.65;59;-63.0000;63
ACO;89;820.39;59;-63.0000;63
ACO;95;870.93;59;-63.0000;63
ACO;101;922.27;59;-63.0000;63
ACO;107;972.82;59;-63.0000;63
ACO;1;10.13;96;-134.0000;134
ACO;4;38.44;96;-113.0000;113
ACO;10;91.69;96;-111.0000;111
ACO;13;121.89;96;-107.0000;107
ACO;16;149.61;96;-102.0000;102
ACO;22;202.48;96;-102.0000;102
ACO;28;253.97;96;-102.0000;102
ACO;34;306.35;96;-102.0000;102
ACO;40;359.31;96;-102.0000;102
ACO;46;412.51;96;-102.0000;102
ACO;51;477.37;96;-102.0000;102
ACO;54;530.88;96;-102.0000;102
ACO;60;585.31;96;-102.0000;102
ACO;66;637.18;96;-102.0000;102
ACO;72;691.67;96;-102.0000;102
ACO;78;745.59;96;-102.0000;102
ACO;84;796.60;96;-102.0000;102
ACO;90;849.98;96;-102.0000;102
ACO;96;902.16;96;-102.0000;102
ACO;102;954.85;96;-102.0000;102
ACO;108;1006.39;96;-102.0000;102
ACO;1;6.01;36;-53.0000;53
ACO;2;11.00;36;-48.0000;48
ACO;3;17.26;36;-43.0000;43
ACO;7;36.41;36;-42.0000;42
ACO;22;88.42;36;-42.0000;42
ACO;37;141.65;36;-42.0000;42
ACO;46;217.10;36;-42.0000;42
ACO;61;267.11;36;-42.0000;42
ACO;75;317.86;36;-42.0000;42
ACO;91;370.54;36;-42.0000;42
ACO;107;423.65;36;-42.0000;42
ACO;121;476.27;36;-42.0000;42
ACO;137;529.02;36;-42.0000;42
ACO;153;582.14;36;-42.0000;42
ACO;168;632.31;36;-42.0000;42
ACO;182;683.79;36;-42.0000;42
ACO;196;734.59;36;-42.0000;42
ACO;209;786.91;36;-42.0000;42
ACO;223;839.77;36;-42.0000;42
ACO;232;918.12;36;-42.0000;42
ACO;247;968.58;36;-42.0000;42
ACO;3;26.70;69;-81.0000;81
ACO;5;44.27;69;-76.0000;76
ACO;7;61.74;69;-73.0000;73
ACO;13;112.59;69;-73.0000;73
ACO;19;169.63;69;-73.0000;73
ACO;25;224.20;69;-73.0000;73
ACO;31;276.75;69;-73.0000;73
ACO;37;330.57;69;-73.0000;73
ACO;43;381.64;69;-73.0000;73
ACO;49;435.50;69;-73.0000;73
ACO;55;491.29;69;-73.0000;73
ACO;61;543.40;69;-73.0000;73
ACO;65;623.64;69;-73.0000;73
ACO;71;678.53;69;-73.0000;73
ACO;77;732.44;69;-73.0000;73
ACO;83;785.55;69;-73.0000;73
ACO;89;839.66;69;-73.0000;73
ACO;95;894.15;69;-73.0000;73
ACO;101;949.55;69;-73.0000;73
ACO;107;1000.63;69;-73.0000;73
ACO;1;9.16;29;-39.0000;39
ACO;2;16.51;29;-34.0000;34
ACO;8;56.27;29;-32.0000;32
ACO;16;113.85;29;-32.0000;32
ACO;19;193.34;29;-32.0000;32
ACO;27;247.83;29;-32.0000;32
ACO;35;301.65;29;-32.0000;32
ACO;43;356.22;29;-32.0000;32
ACO;50;408.36;29;-32.0000;32
ACO;57;460.36;29;-32.0000;32
ACO;65;516.60;29;-32.0000;32
ACO;73;570.94;29;-32.0000;32
ACO;81;628.04;29;-32.0000;32
ACO;88;678.54;29;-32.0000;32
ACO;96;732.48;29;-32.0000;32
ACO;104;787.87;29;-32.0000;32
ACO;112;840.65;29;-32.0000;32
ACO;115;913.30;29;-32.0000;32
ACO;123;967.39;29;-32.0000;32
ACO;1;6.12;102;-119.0000;119
ACO;2;11.78;102;-113.0000;113
ACO;5;26.08;102;-110.0000;110
ACO;8;39.63;102;-109.0000;109
ACO;11;53.25;102;-108.0000;108
ACO;15;70.94;102;-107.0000;107
ACO;27;121.83;102;-107.0000;107
ACO;38;174.18;102;-107.0000;107
ACO;50;224.41;102;-107.0000;107
ACO;63;278.03;102;-107.0000;107
ACO;74;329.16;102;-107.0000;107
ACO;86;379.93;102;-107.0000;107
ACO;98;431.37;102;-107.0000;107
ACO;110;483.92;102;-107.0000;107
ACO;122;534.62;102;-107.0000;107
ACO;135;588.79;102;-107.0000;107
ACO;142;649.87;102;-107.0000;107
ACO;147;705.69;102;-107.0000;107
ACO;152;759.34;102;-107.0000;107
ACO;157;818.57;102;-107.0000;107
ACO;162;875.66;102;-107.0000;107
ACO;167;932.36;102;-107.0000;107
ACO;172;988.65;102;-107.0000;107
ACO;2;18.89;59;-93.0000;93
ACO;3;27.88;59;-64.0000;64
ACO;9;79.48;59;-64.0000;64
ACO;11;96.68;59;-63.0000;63
ACO;17;146.99;59;-63.0000;63
ACO;23;198.97;59;-63.0000;63
ACO;30;257.23;59;-63.0000;63
ACO;36;309.88;59;-63.0000;63
ACO;42;361.85;59;-63.0000;63
ACO;48;412.58;59;-63.0000;63
ACO;54;464.78;59;-63.0000;63
ACO;61;522.45;59;-63.0000;63
ACO;67;574.17;59;-63.0000;63
ACO;74;632.22;59;-63.0000;63
ACO;77;698.99;59;-63.0000;63
ACO;83;749.10;59;-63.0000;63
ACO;89;799.73;59;-63.0000;63
ACO;96;856.58;59;-63.0000;63
ACO;103;912.86;59;-63.0000;63
ACO;109;964.40;59;-63.0000;63
ACO;1;9.28;66;-80.0000;80
ACO;3;27.04;66;-77.0000;77
ACO;10;84.38;66;-77.0000;77
ACO;17;142.70;66;-76.0000;76
ACO;19;157.75;66;-72.0000;72
ACO;26;210.88;66;-72.0000;72
ACO;30;241.00;66;-71.0000;71
ACO;37;296.11;66;-71.0000;71
ACO;43;388.70;66;-71.0000;71
ACO;50;441.19;66;-71.0000;71
ACO;57;496.03;66;-71.0000;71
ACO;64;549.16;66;-71.0000;71
ACO;71;603.33;66;-71.0000;71
ACO;78;657.68;66;-71.0000;71
ACO;85;709.90;66;-71.0000;71
ACO;92;765.93;66;-71.0000;71
ACO;99;821.99;66;-71.0000;71
ACO;106;877.01;66;-71.0000;71
ACO;113;930.69;66;-71.0000;71
ACO;120;984.13;66;-71.0000;71
ACO;1;9.64;39;-68.0000;68
ACO;5;45.96;39;-66.0000;66
ACO;6;55.45;39;-61.0000;61
ACO;8;73.88;39;-51.0000;51
ACO;14;126.19;39;-51.0000;51
ACO;20;178.77;39;-51.0000;51
ACO;26;230.77;39;-51.0000;51
ACO;28;248.50;39;-50.0000;50
ACO;34;300.51;39;-50.0000;50
ACO;40;352.05;39;-50.0000;50
ACO;44;432.46;39;-50.0000;50
ACO;49;482.30;39;-49.0000;49
ACO;55;534.48;39;-49.0000;49
ACO;61;586.15;39;-49.0000;49
ACO;67;638.09;39;-49.0000;49
ACO;73;690.06;39;-49.0000;49
ACO;79;742.55;39;-49.0000;49
ACO;80;751.80;39;-47.0000;47
ACO;86;804.81;39;-47.0000;47
ACO;92;860.11;39;-47.0000;47
ACO;98;916.78;39;-47.0000;47
ACO;101;943.02;39;-46.0000;46
ACO;107;995.70;39;-46.0000;46
ACO;7;68.15;51;-74.0000;74
ACO;9;86.85;51;-63.0000;63
ACO;13;120.30;51;-62.0000;62
ACO;14;129.39;51;-58.0000;58
ACO;20;183.59;51;-58.0000;58
ACO;26;236.54;51;-58.0000;58
ACO;32;287.75;51;-58.0000;58
ACO;38;337.92;51;-58.0000;58
ACO;44;388.28;51;-58.0000;58
ACO;45;441.93;51;-58.0000;58
ACO;52;499.39;51;-58.0000;58
ACO;58;555.51;51;-58.0000;58
ACO;65;612.95;51;-58.0000;58
ACO;71;665.83;51;-58.0000;58
ACO;77;716.22;51;-58.0000;58
ACO;83;769.04;51;-58.0000;58
ACO;89;822.05;51;-58.0000;58
ACO;95;875.79;51;-58.0000;58
ACO;101;925.81;51;-58.0000;58
ACO;108;983.09;51;-58.0000;58
ACO;1;10.35;61;-94.0000;94
ACO;2;19.99;61;-73.0000;73
ACO;7;64.61;61;-69.0000;69
ACO;9;82.24;61;-67.0000;67
ACO;13;159.70;61;-67.0000;67
ACO;19;215.15;61;-67.0000;67
ACO;25;266.66;61;-67.0000;67
ACO;31;320.04;61;-67.0000;67
ACO;37;374.76;61;-67.0000;67
ACO;43;426.45;61;-67.0000;67
ACO;49;477.60;61;-67.0000;67
ACO;56;535.49;61;-67.0000;67
ACO;63;592.13;61;-67.0000;67
ACO;69;642.49;61;-67.0000;67
ACO;75;695.37;61;-67.0000;67
ACO;81;747.41;61;-67.0000;67
ACO;87;802.70;61;-67.0000;67
ACO;93;900.21;61;-67.0000;67
ACO;99;950.53;61;-67.0000;67
ACO;105;1005.59;61;-67.0000;67
ACO;1;13.98;65;-75.0000;75
ACO;5;51.48;65;-74.0000;74
ACO;8;76.60;65;-73.0000;73
ACO;9;84.63;65;-70.0000;70
ACO;16;137.36;65;-70.0000;70
ACO;23;188.23;65;-70.0000;70
ACO;31;244.38;65;-70.0000;70
ACO;38;297.70;65;-70.0000;70
ACO;45;349.24;65;-70.0000;70
ACO;52;401.67;65;-70.0000;70
ACO;59;452.45;65;-70.0000;70
ACO;66;503.91;65;-70.0000;70
ACO;74;559.60;65;-70.0000;70
ACO;78;632.72;65;-70.0000;70
ACO;86;689.27;65;-70.0000;70
ACO;94;745.91;65;-70.0000;70
ACO;102;802.40;65;-70.0000;70
ACO;110;856.81;65;-70.0000;70
ACO;117;907.68;65;-70.0000;70
ACO;124;961.18;65;-70.0000;70
ACO;1;9.06;26;-38.0000;38
ACO;2;17.82;26;-35.0000;35
ACO;4;34.55;26;-34.0000;34
ACO;6;50.48;26;-33.0000;33
ACO;8;67.11;26;-31.0000;31
ACO;15;122.47;26;-31.0000;31
ACO;22;180.21;26;-31.0000;31
ACO;28;230.38;26;-31.0000;31
ACO;35;329.22;26;-31.0000;31
ACO;42;384.19;26;-31.0000;31
ACO;49;438.45;26;-31.0000;31
ACO;56;490.57;26;-31.0000;31
ACO;63;543.98;26;-31.0000;31
ACO;70;598.94;26;-31.0000;31
ACO;77;649.48;26;-31.0000;31
ACO;84;702.73;26;-31.0000;31
ACO;91;757.81;26;-31.0000;31
ACO;98;813.48;26;-31.0000;31
ACO;105;870.42;26;-31.0000;31
ACO;112;926.21;26;-31.0000;31
ACO;116;1000.95;26;-31.0000;31
ACO;1;10.07;34;-93.0000;93
ACO;3;29.05;34;-68.0000;68
ACO;4;37.75;34;-43.0000;43
ACO;8;73.55;34;-40.0000;40
ACO;14;124.63;34;-40.0000;40
ACO;20;174.74;34;-40.0000;40
ACO;27;231.48;34;-40.0000;40
ACO;33;282.07;34;-40.0000;40
ACO;39;337.59;34;-40.0000;40
ACO;45;387.94;34;-40.0000;40
ACO;52;444.98;34;-40.0000;40
ACO;59;501.50;34;-40.0000;40
ACO;66;558.72;34;-40.0000;40
ACO;72;608.76;34;-40.0000;40
ACO;78;700.16;34;-40.0000;40
ACO;84;750.79;34;-40.0000;40
ACO;90;801.27;34;-40.0000;40
ACO;96;852.45;34;-40.0000;40
ACO;102;903.81;34;-40.0000;40
ACO;108;956.30;34;-40.0000;40
ACO;114;1006.65;34;-40.0000;40
ACO;1;6.84;60;-68.0000;68
ACO;4;21.24;60;-66.0000;66
ACO;5;26.31;60;-65.0000;65
ACO;6;30.58;60;-64.0000;64
ACO;20;81.97;60;-64.0000;64
ACO;34;133.97;60;-64.0000;64
ACO;48;185.21;60;-64.0000;64
ACO;62;235.78;60;-64.0000;64
ACO;76;285.83;60;-64.0000;64
ACO;91;336.76;60;-64.0000;64
ACO;105;387.76;60;-64.0000;64
ACO;119;439.09;60;-64.0000;64
ACO;134;491.30;60;-64.0000;64
ACO;147;543.98;60;-64.0000;64
ACO;161;596.13;60;-64.0000;64
ACO;174;646.94;60;-64.0000;64
ACO;176;699.98;60;-64.0000;64
ACO;190;750.43;60;-64.0000;64
ACO;205;803.47;60;-64.0000;64
ACO;218;857.33;60;-64.0000;64
ACO;232;908.45;60;-64.0000;64
ACO;245;959.38;60;-64.0000;64
ACO;1;9.74;29;-48.0000;48
ACO;2;16.33;29;-37.0000;37
ACO;8;49.47;29;-36.0000;36
ACO;19;100.34;29;-36.0000;36
ACO;31;152.34;29;-36.0000;36
ACO;44;205.51;29;-36.0000;36
ACO;55;255.52;29;-36.0000;36
ACO;64;318.82;29;-36.0000;36
ACO;70;371.70;29;-36.0000;36
ACO;81;421.81;29;-36.0000;36
ACO;93;473.85;29;-36.0000;36
ACO;106;528.84;29;-36.0000;36
ACO;119;580.32;29;-36.0000;36
ACO;131;631.20;29;-36.0000;36
ACO;142;681.21;29;-36.0000;36
ACO;154;732.91;29;-36.0000;36
ACO;166;785.77;29;-36.0000;36
ACO;177;835.78;29;-36.0000;36
ACO;188;889.47;29;-36.0000;36
ACO;199;940.12;29;-36.0000;36
ACO;211;993.04;29;-36.0000;36
ACO;1;10.62;94;-142.0000;142
ACO;2;20.75;94;-111.0000;111
ACO;8;78.43;94;-111.0000;111
ACO;9;88.71;94;-109.0000;109
ACO;10;97.87;94;-108.0000;108
ACO;11;108.09;94;-107.0000;107
ACO;12;117.95;94;-106.0000;106
ACO;14;135.93;94;-103.0000;103
ACO;18;170.26;94;-102.0000;102
ACO;24;220.86;94;-102.0000;102
ACO;30;317.81;94;-102.0000;102
ACO;36;367.89;94;-102.0000;102
ACO;42;420.59;94;-102.0000;102
ACO;48;474.09;94;-102.0000;102
ACO;54;527.92;94;-102.0000;102
ACO;57;553.92;94;-101.0000;101
ACO;63;609.89;94;-101.0000;101
ACO;69;664.98;94;-101.0000;101
ACO;75;717.13;94;-101.0000;101
ACO;81;768.13;94;-101.0000;101
ACO;87;819.70;94;-101.0000;101
ACO;93;874.91;94;-101.0000;101
ACO;99;926.21;94;-101.0000;101
ACO;105;980.13;94;-101.0000;101
ACO;62;556.52;111;-157.0000;157
ACO;68;607.88;111;-157.0000;157
ACO;70;626.16;111;-147.0000;147
ACO;71;635.41;111;-127.0000;127
ACO;72;644.65;111;-126.0000;126
ACO;74;663.15;111;-123.0000;123
ACO;76;723.94;111;-123.0000;123
ACO;79;750.03;111;-120.0000;120
ACO;85;801.15;111;-120.0000;120
ACO;89;835.91;111;-119.0000;119
ACO;95;886.69;111;-119.0000;119
ACO;101;937.53;111;-119.0000;119
ACO;107;988.98;111;-119.0000;119
ACO;1;5.89;44;-49.0000;49
ACO;3;15.41;44;-48.0000;48
ACO;19;66.71;44;-48.0000;48
ACO;35;118.44;44;-48.0000;48
ACO;51;168.67;44;-48.0000;48
ACO;68;220.95;44;-48.0000;48
ACO;86;272.43;44;-48.0000;48
ACO;103;324.01;44;-48.0000;48
ACO;113;398.56;44;-48.0000;48
ACO;131;450.32;44;-48.0000;48
ACO;147;501.07;44;-48.0000;48
ACO;163;551.24;44;-48.0000;48
ACO;180;603.33;44;-48.0000;48
ACO;197;657.07;44;-48.0000;48
ACO;213;711.18;44;-48.0000;48
ACO;230;763.12;44;-48.0000;48
ACO;248;814.79;44;-48.0000;48
ACO;266;866.36;44;-48.0000;48
ACO;283;918.76;44;-48.0000;48
ACO;299;970.67;44;-48.0000;48
ACO;57;525.02;94;-254.0000;254
ACO;63;576.57;94;-254.0000;254
ACO;69;628.20;94;-254.0000;254
ACO;75;679.84;94;-254.0000;254
ACO;81;730.74;94;-254.0000;254
ACO;87;782.04;94;-254.0000;254
ACO;93;833.53;94;-254.0000;254
ACO;99;885.04;94;-254.0000;254
ACO;105;936.65;94;-254.0000;254
ACO;111;988.65;94;-254.0000;254
ACO;1;47.82;81;-110.0000;110
ACO;3;67.05;81;-93.0000;93
ACO;9;121.61;81;-93.0000;93
ACO;10;130.62;81;-91.0000;91
ACO;11;139.50;81;-90.0000;90
ACO;17;192.60;81;-90.0000;90
ACO;20;219.48;81;-89.0000;89
ACO;26;272.67;81;-89.0000;89
ACO;32;326.36;81;-89.0000;89
ACO;38;380.49;81;-89.0000;89
ACO;39;390.84;81;-88.0000;88
ACO;45;448.18;81;-88.0000;88
ACO;47;467.22;81;-87.0000;87
ACO;53;521.18;81;-87.0000;87
ACO;58;577.00;81;-87.0000;87
ACO;64;634.16;81;-87.0000;87
ACO;70;686.92;81;-87.0000;87
ACO;76;737.64;81;-87.0000;87
ACO;78;796.63;81;-87.0000;87
ACO;84;848.88;81;-87.0000;87
ACO;90;900.63;81;-87.0000;87
ACO;96;951.26;81;-87.0000;87
ACO;102;1002.69;81;-87.0000;87
ACO;2;19.56;98;-124.0000;124
ACO;4;38.79;98;-111.0000;111
ACO;10;93.26;98;-111.0000;111
ACO;16;146.33;98;-111.0000;111
ACO;19;172.27;98;-109.0000;109
ACO;25;225.52;98;-109.0000;109
ACO;31;279.82;98;-109.0000;109
ACO;37;333.34;98;-109.0000;109
ACO;43;386.69;98;-109.0000;109
ACO;49;439.33;98;-109.0000;109
ACO;52;512.05;98;-109.0000;109
ACO;55;539.58;98;-106.0000;106
ACO;61;592.22;98;-106.0000;106
ACO;67;645.51;98;-106.0000;106
ACO;73;698.33;98;-106.0000;106
ACO;76;724.88;98;-105.0000;105
ACO;82;777.89;98;-105.0000;105
ACO;88;829.22;98;-105.0000;105
ACO;94;882.45;98;-105.0000;105
ACO;100;935.30;98;-105.0000;105
ACO;106;989.20;98;-105.0000;105
ACO;1;6.32;105;-132.0000;132
ACO;2;12.18;105;-113.0000;113
ACO;8;40.83;105;-110.0000;110
ACO;9;46.05;105;-109.0000;109
ACO;21;96.71;105;-109.0000;109
ACO;34;150.67;105;-109.0000;109
ACO;37;205.66;105;-109.0000;109
ACO;50;259.34;105;-109.0000;109
ACO;63;311.74;105;-109.0000;109
ACO;76;364.56;105;-109.0000;109
ACO;89;418.12;105;-109.0000;109
ACO;101;468.75;105;-109.0000;109
ACO;114;522.46;105;-109.0000;109
ACO;127;575.87;105;-109.0000;109
ACO;139;626.16;105;-109.0000;109
ACO;151;678.68;105;-109.0000;109
ACO;164;732.12;105;-109.0000;109
ACO;177;785.74;105;-109.0000;109
ACO;190;839.75;105;-109.0000;109
ACO;200;924.26;105;-109.0000;109
ACO;213;977.91;105;-109.0000;109
ACO;1;10.22;69;-87.0000;87
ACO;2;20.11;69;-76.0000;76
ACO;8;76.81;69;-76.0000;76
ACO;12;114.96;69;-75.0000;75
ACO;18;170.26;69;-75.0000;75
ACO;24;223.85;69;-75.0000;75
ACO;27;252.90;69;-74.0000;74
ACO;33;304.93;69;-74.0000;74
ACO;39;358.92;69;-74.0000;74
ACO;45;412.60;69;-74.0000;74
ACO;51;466.58;69;-74.0000;74
ACO;57;519.04;69;-74.0000;74
ACO;63;571.44;69;-74.0000;74
ACO;69;661.07;69;-74.0000;74
ACO;72;731.11;69;-74.0000;74
ACO;75;804.57;69;-74.0000;74
ACO;78;875.98;69;-74.0000;74
ACO;81;946.32;69;-74.0000;74
ACO;84;1020.69;69;-74.0000;74
ACO;1;10.50;82;-146.0000;146
ACO;2;20.39;82;-137.0000;137
ACO;3;30.30;82;-102.0000;102
ACO;5;48.83;82;-88.0000;88
ACO;11;99.79;82;-88.0000;88
ACO;18;157.44;82;-88.0000;88
ACO;20;175.72;82;-87.0000;87
ACO;27;233.64;82;-87.0000;87
ACO;34;290.41;82;-87.0000;87
ACO;40;341.00;82;-87.0000;87
ACO;46;392.70;82;-87.0000;87
ACO;52;444.64;82;-87.0000;87
ACO;59;501.74;82;-87.0000;87
ACO;66;559.30;82;-87.0000;87
ACO;73;615.48;82;-87.0000;87
ACO;79;665.86;82;-87.0000;87
ACO;81;727.45;82;-87.0000;87
ACO;88;784.15;82;-87.0000;87
ACO;95;841.98;82;-87.0000;87
ACO;101;892.30;82;-87.0000;87
ACO;108;949.28;82;-87.0000;87
ACO;115;1005.52;82;-87.0000;87
ACO;1;9.83;116;-152.0000;152
ACO;2;19.44;116;-135.0000;135
ACO;6;55.08;116;-132.0000;132
ACO;8;73.82;116;-131.0000;131
ACO;14;127.84;116;-131.0000;131
ACO;20;181.09;116;-131.0000;131
ACO;23;209.32;116;-130.0000;130
ACO;29;265.90;116;-130.0000;130
ACO;35;318.02;116;-130.0000;130
ACO;39;352.57;116;-129.0000;129
ACO;43;433.47;116;-129.0000;129
ACO;44;442.20;116;-128.0000;128
ACO;50;500.09;116;-128.0000;128
ACO;56;551.51;116;-128.0000;128
ACO;62;609.56;116;-128.0000;128
ACO;68;663.97;116;-128.0000;128
ACO;74;716.74;116;-128.0000;128
ACO;80;769.96;116;-128.0000;128
ACO;86;822.14;116;-128.0000;128
ACO;92;873.57;116;-128.0000;128
ACO;98;925.51;116;-128.0000;128
ACO;104;981.26;116;-128.0000;128
ACO;1;10.04;52;-90.0000;90
ACO;3;29.82;52;-60.0000;60
ACO;7;70.62;52;-56.0000;56
ACO;11;151.40;52;-56.0000;56
ACO;17;205.17;52;-56.0000;56
ACO;23;256.68;52;-56.0000;56
ACO;29;306.85;52;-56.0000;56
ACO;35;359.89;52;-56.0000;56
ACO;41;412.96;52;-56.0000;56
ACO;47;466.13;52;-56.0000;56
ACO;53;517.30;52;-56.0000;56
ACO;59;570.31;52;-56.0000;56
ACO;65;623.84;52;-56.0000;56
ACO;71;681.37;52;-56.0000;56
ACO;77;738.10;52;-56.0000;56
ACO;83;790.53;52;-56.0000;56
ACO;89;887.51;52;-56.0000;56
ACO;96;944.95;52;-56.0000;56
ACO;102;1000.52;52;-56.0000;56
ACO;1;9.31;29;-44.0000;44
ACO;2;18.49;29;-39.0000;39
ACO;9;71.23;29;-38.0000;38
ACO;10;79.47;29;-36.0000;36
ACO;17;133.67;29;-36.0000;36
ACO;19;167.33;29;-35.0000;35
ACO;21;183.11;29;-34.0000;34
ACO;28;237.55;29;-34.0000;34
ACO;35;289.46;29;-34.0000;34
ACO;41;344.76;29;-34.0000;34
ACO;48;398.96;29;-34.0000;34
ACO;55;454.19;29;-34.0000;34
ACO;62;510.93;29;-34.0000;34
ACO;69;573.49;29;-34.0000;34
ACO;71;625.03;29;-34.0000;34
ACO;78;677.89;29;-34.0000;34
ACO;85;730.59;29;-34.0000;34
ACO;92;785.13;29;-34.0000;34
ACO;99;838.26;29;-34.0000;34
ACO;106;893.59;29;-34.0000;34
ACO;113;949.07;29;-34.0000;34
ACO;120;1005.46;29;-34.0000;34
ACO;1;2.17;12;-15.0000;15
ACO;42;53.25;12;-15.0000;15
ACO;84;104.16;12;-15.0000;15
ACO;126;155.09;12;-15.0000;15
ACO;164;205.41;12;-15.0000;15
ACO;169;256.47;12;-15.0000;15
ACO;212;307.59;12;-15.0000;15
ACO;255;358.43;12;-15.0000;15
ACO;295;409.00;12;-15.0000;15
ACO;335;459.66;12;-15.0000;15
ACO;377;510.07;12;-15.0000;15
ACO;420;561.19;12;-15.0000;15
ACO;462;611.79;12;-15.0000;15
ACO;504;661.83;12;-15.0000;15
ACO;547;712.89;12;-15.0000;15
ACO;590;774.14;12;-15.0000;15
ACO;604;825.16;12;-15.0000;15
ACO;643;876.19;12;-15.0000;15
ACO;683;926.27;12;-15.0000;15
ACO;724;976.50;12;-15.0000;15
ACO;1;8.48;58;-70.0000;70
ACO;3;23.65;58;-64.0000;64
ACO;11;66.16;58;-63.0000;63
ACO;20;117.28;58;-63.0000;63
ACO;31;168.24;58;-63.0000;63
ACO;42;219.21;58;-63.0000;63
ACO;53;273.59;58;-63.0000;63
ACO;64;326.29;58;-63.0000;63
ACO;74;376.62;58;-63.0000;63
ACO;83;467.41;58;-63.0000;63
ACO;94;521.36;58;-63.0000;63
ACO;104;571.56;58;-63.0000;63
ACO;115;624.57;58;-63.0000;63
ACO;126;678.89;58;-63.0000;63
ACO;137;732.73;58;-63.0000;63
ACO;147;784.21;58;-63.0000;63
ACO;158;836.00;58;-63.0000;63
ACO;169;891.08;58;-63.0000;63
ACO;179;945.47;58;-63.0000;63
ACO;189;997.44;58;-63.0000;63
ACO;1;9.19;28;-38.0000;38
ACO;3;26.79;28;-36.0000;36
ACO;4;35.55;28;-33.0000;33
ACO;11;92.16;28;-33.0000;33
ACO;15;169.98;28;-33.0000;33
ACO;22;225.62;28;-33.0000;33
ACO;29;280.15;28;-33.0000;33
ACO;36;336.55;28;-33.0000;33
ACO;42;391.45;28;-33.0000;33
ACO;49;448.15;28;-33.0000;33
ACO;55;498.32;28;-33.0000;33
ACO;62;552.22;28;-33.0000;33
ACO;69;606.57;28;-33.0000;33
ACO;76;662.11;28;-33.0000;33
ACO;83;717.10;28;-33.0000;33
ACO;90;772.52;28;-33.0000;33
ACO;95;856.20;28;-33.0000;33
ACO;102;913.27;28;-33.0000;33
ACO;109;968.75;28;-33.0000;33
ACO;1;3.60;41;-46.0000;46
ACO;2;7.17;41;-44.0000;44
ACO;23;59.14;41;-44.0000;44
ACO;43;110.05;41;-44.0000;44
ACO;64;160.68;41;-44.0000;44
ACO;78;212.31;41;-44.0000;44
ACO;99;264.86;41;-44.0000;44
ACO;122;316.71;41;-44.0000;44
ACO;144;366.85;41;-44.0000;44
ACO;163;416.90;41;-44.0000;44
ACO;185;468.23;41;-44.0000;44
ACO;207;518.62;41;-44.0000;44
ACO;229;569.03;41;-44.0000;44
ACO;239;637.39;41;-44.0000;44
ACO;260;688.57;41;-44.0000;44
ACO;283;740.39;41;-44.0000;44
ACO;305;791.87;41;-44.0000;44
ACO;326;842.32;41;-44.0000;44
ACO;347;892.76;41;-44.0000;44
ACO;368;944.55;41;-44.0000;44
ACO;390;995.58;41;-44.0000;44
ACO;3;27.62;49;-69.0000;69
ACO;5;46.42;49;-59.0000;59
ACO;11;99.30;49;-59.0000;59
ACO;16;142.76;49;-56.0000;56
ACO;22;194.67;49;-56.0000;56
ACO;28;249.18;49;-56.0000;56
ACO;34;345.28;49;-56.0000;56
ACO;40;400.30;49;-56.0000;56
ACO;47;458.07;49;-56.0000;56
ACO;53;510.56;49;-56.0000;56
ACO;59;561.13;49;-56.0000;56
ACO;65;611.66;49;-56.0000;56
ACO;71;665.80;49;-56.0000;56
ACO;77;716.89;49;-56.0000;56
ACO;83;766.94;49;-56.0000;56
ACO;90;823.97;49;-56.0000;56
ACO;96;874.69;49;-56.0000;56
ACO;102;925.23;49;-56.0000;56
ACO;109;983.25;49;-56.0000;56
ACO;112;1052.70;49;-56.0000;56
ACO;1;9.89;32;-51.0000;51
ACO;4;36.83;32;-45.0000;45
ACO;5;45.23;32;-41.0000;41
ACO;7;62.29;32;-38.0000;38
ACO;14;120.39;32;-38.0000;38
ACO;21;175.23;32;-38.0000;38
ACO;28;231.90;32;-38.0000;38
ACO;35;289.83;32;-38.0000;38
ACO;41;341.71;32;-38.0000;38
ACO;48;397.83;32;-38.0000;38
ACO;54;450.59;32;-38.0000;38
ACO;61;505.58;32;-38.0000;38
ACO;68;563.05;32;-38.0000;38
ACO;74;613.37;32;-38.0000;38
ACO;79;672.58;32;-38.0000;38
ACO;82;725.98;32;-38.0000;38
ACO;88;781.25;32;-38.0000;38
ACO;94;832.64;32;-38.0000;38
ACO;100;884.03;32;-38.0000;38
ACO;106;934.60;32;-38.0000;38
ACO;113;990.36;32;-38.0000;38
ACO;2;18.74;49;-73.0000;73
ACO;5;45.78;49;-58.0000;58
ACO;8;73.30;49;-53.0000;53
ACO;14;124.57;49;-53.0000;53
ACO;21;182.16;49;-53.0000;53
ACO;28;240.57;49;-53.0000;53
ACO;34;290.95;49;-53.0000;53
ACO;40;341.00;49;-53.0000;53
ACO;43;410.61;49;-53.0000;53
ACO;49;461.76;49;-53.0000;53
ACO;56;519.47;49;-53.0000;53
ACO;62;569.58;49;-53.0000;53
ACO;69;626.34;49;-53.0000;53
ACO;75;678.44;49;-53.0000;53
ACO;81;731.02;49;-53.0000;53
ACO;87;783.69;49;-53.0000;53
ACO;93;836.82;49;-53.0000;53
ACO;99;887.21;49;-53.0000;53
ACO;105;937.90;49;-53.0000;53
ACO;112;995.30;49;-53.0000;53
ACO;1;2.23;15;-18.0000;18
ACO;33;55.76;15;-18.0000;18
ACO;48;106.45;15;-18.0000;18
ACO;88;157.50;15;-18.0000;18
ACO;128;208.13;15;-18.0000;18
ACO;168;258.82;15;-18.0000;18
ACO;208;309.94;15;-18.0000;18
ACO;248;360.57;15;-18.0000;18
ACO;287;410.83;15;-18.0000;18
ACO;327;462.01;15;-18.0000;18
ACO;365;513.03;15;-18.0000;18
ACO;401;564.03;15;-18.0000;18
ACO;438;614.14;15;-18.0000;18
ACO;447;665.68;15;-18.0000;18
ACO;460;716.00;15;-18.0000;18
ACO;474;769.56;15;-18.0000;18
ACO;487;820.71;15;-18.0000;18
ACO;501;872.77;15;-18.0000;18
ACO;514;922.88;15;-18.0000;18
ACO;527;973.42;15;-18.0000;18
ACO;1;10.04;80;-114.0000;114
ACO;4;37.60;80;-107.0000;107
ACO;6;55.82;80;-95.0000;95
ACO;8;79.90;80;-90.0000;90
ACO;11;106.05;80;-89.0000;89
ACO;16;148.80;80;-88.0000;88
ACO;19;175.05;80;-87.0000;87
ACO;25;226.78;80;-87.0000;87
ACO;31;279.72;80;-87.0000;87
ACO;33;298.55;80;-86.0000;86
ACO;39;350.74;80;-86.0000;86
ACO;45;403.78;80;-86.0000;86
ACO;51;455.38;80;-86.0000;86
ACO;57;515.17;80;-86.0000;86
ACO;63;568.27;80;-86.0000;86
ACO;69;625.76;80;-86.0000;86
ACO;75;678.89;80;-86.0000;86
ACO;76;731.23;80;-86.0000;86
ACO;82;785.25;80;-86.0000;86
ACO;88;839.33;80;-86.0000;86
ACO;94;893.89;80;-86.0000;86
ACO;100;949.07;80;-86.0000;86
ACO;106;1004.64;80;-86.0000;86
ACO;1;6.74;14;-20.0000;20
ACO;2;11.72;14;-19.0000;19
ACO;11;69.31;14;-19.0000;19
ACO;20;126.25;14;-19.0000;19
ACO;28;178.53;14;-19.0000;19
ACO;36;232.73;14;-19.0000;19
ACO;44;286.44;14;-19.0000;19
ACO;51;340.06;14;-19.0000;19
ACO;59;438.35;14;-19.0000;19
ACO;67;493.80;14;-19.0000;19
ACO;75;549.80;14;-19.0000;19
ACO;83;602.81;14;-19.0000;19
ACO;91;652.83;14;-19.0000;19
ACO;99;706.39;14;-19.0000;19
ACO;107;760.93;14;-19.0000;19
ACO;115;814.91;14;-19.0000;19
ACO;123;867.25;14;-19.0000;19
ACO;131;919.25;14;-19.0000;19
ACO;139;973.91;14;-19.0000;19
ACO;1;9.46;33;-50.0000;50
ACO;2;18.59;33;-48.0000;48
ACO;3;27.07;33;-41.0000;41
ACO;4;35.68;33;-40.0000;40
ACO;10;88.78;33;-40.0000;40
ACO;16;139.01;33;-40.0000;40
ACO;22;188.02;33;-39.0000;39
ACO;28;239.29;33;-39.0000;39
ACO;35;297.64;33;-39.0000;39
ACO;37;315.25;33;-38.0000;38
ACO;43;365.42;33;-38.0000;38
ACO;49;458.50;33;-38.0000;38
ACO;55;508.88;33;-38.0000;38
ACO;61;559.05;33;-38.0000;38
ACO;67;609.77;33;-38.0000;38
ACO;74;667.24;33;-38.0000;38
ACO;81;724.79;33;-38.0000;38
ACO;87;776.34;33;-38.0000;38
ACO;93;826.93;33;-38.0000;38
ACO;100;883.54;33;-38.0000;38
ACO;106;934.27;33;-38.0000;38
ACO;112;985.66;33;-38.0000;38
ACO;1;2.84;29;-32.0000;32
ACO;27;54.50;29;-32.0000;32
ACO;44;130.80;29;-32.0000;32
ACO;70;182.04;29;-32.0000;32
ACO;96;233.61;29;-32.0000;32
ACO;122;284.42;29;-32.0000;32
ACO;148;334.87;29;-32.0000;32
ACO;174;385.68;29;-32.0000;32
ACO;197;436.80;29;-32.0000;32
ACO;223;487.88;29;-32.0000;32
ACO;249;539.37;29;-32.0000;32
ACO;275;591.46;29;-32.0000;32
ACO;299;642.03;29;-32.0000;32
ACO;323;692.69;29;-32.0000;32
ACO;348;743.87;29;-32.0000;32
ACO;352;795.20;29;-32.0000;32
ACO;378;846.19;29;-32.0000;32
ACO;404;896.82;29;-32.0000;32
ACO;430;947.85;29;-32.0000;32
ACO;456;999.15;29;-32.0000;32
ACO;3;64.21;31;-49.0000;49
ACO;6;89.20;31;-38.0000;38
ACO;13;145.97;31;-38.0000;38
ACO;19;198.15;31;-38.0000;38
ACO;25;248.75;31;-38.0000;38
ACO;31;301.12;31;-38.0000;38
ACO;37;351.62;31;-38.0000;38
ACO;39;370.03;31;-37.0000;37
ACO;45;421.17;31;-37.0000;37
ACO;51;476.81;31;-37.0000;37
ACO;58;534.58;31;-37.0000;37
ACO;65;590.97;31;-37.0000;37
ACO;72;647.98;31;-37.0000;37
ACO;78;700.35;31;-37.0000;37
ACO;81;770.54;31;-37.0000;37
ACO;87;820.86;31;-37.0000;37
ACO;93;871.12;31;-37.0000;37
ACO;100;929.14;31;-37.0000;37
ACO;107;986.66;31;-37.0000;37
ACO;1;7.81;43;-56.0000;56
ACO;2;15.59;43;-48.0000;48
ACO;9;69.24;43;-48.0000;48
ACO;12;91.95;43;-47.0000;47
ACO;19;142.85;43;-47.0000;47
ACO;26;193.57;43;-47.0000;47
ACO;33;245.76;43;-47.0000;47
ACO;40;296.94;43;-47.0000;47
ACO;48;353.55;43;-47.0000;47
ACO;55;447.63;43;-47.0000;47
ACO;62;499.33;43;-47.0000;47
ACO;69;551.57;43;-47.0000;47
ACO;76;609.10;43;-47.0000;47
ACO;83;665.37;43;-47.0000;47
ACO;90;719.33;43;-47.0000;47
ACO;97;770.26;43;-47.0000;47
ACO;104;822.94;43;-47.0000;47
ACO;110;881.47;43;-47.0000;47
ACO;117;936.74;43;-47.0000;47
ACO;124;986.91;43;-47.0000;47
ACO;16;187.62;92;-121.0000;121
ACO;19;217.01;92;-108.0000;108
ACO;20;227.14;92;-105.0000;105
ACO;25;272.31;92;-100.0000;100
ACO;27;291.11;92;-97.0000;97
ACO;33;343.05;92;-97.0000;97
ACO;39;397.83;92;-97.0000;97
ACO;45;452.15;92;-97.0000;97
ACO;51;506.62;92;-97.0000;97
ACO;57;560.36;92;-97.0000;97
ACO;63;613.62;92;-97.0000;97
ACO;69;670.41;92;-97.0000;97
ACO;75;724.76;92;-97.0000;97
ACO;81;779.42;92;-97.0000;97
ACO;87;879.43;92;-97.0000;97
ACO;93;935.94;92;-97.0000;97
ACO;99;989.87;92;-97.0000;97
ACO;1;9.40;58;-114.0000;114
ACO;2;18.16;58;-81.0000;81
ACO;5;43.61;58;-75.0000;75
ACO;8;67.60;58;-71.0000;71
ACO;9;75.65;58;-68.0000;68
ACO;13;107.64;58;-65.0000;65
ACO;20;162.45;58;-65.0000;65
ACO;26;210.27;58;-64.0000;64
ACO;33;264.31;58;-64.0000;64
ACO;40;318.63;58;-64.0000;64
ACO;47;374.42;58;-64.0000;64
ACO;54;428.92;58;-64.0000;64
ACO;61;485.11;58;-64.0000;64
ACO;64;551.94;58;-64.0000;64
ACO;71;607.33;58;-64.0000;64
ACO;78;661.93;58;-64.0000;64
ACO;85;716.92;58;-64.0000;64
ACO;92;771.45;58;-64.0000;64
ACO;99;826.93;58;-64.0000;64
ACO;106;881.68;58;-64.0000;64
ACO;113;937.10;58;-64.0000;64
ACO;119;990.14;58;-64.0000;64
ACO;1;15.17;43;-51.0000;51
ACO;3;88.23;43;-51.0000;51
ACO;4;102.05;43;-47.0000;47
ACO;10;153.72;43;-47.0000;47
ACO;17;210.63;43;-47.0000;47
ACO;24;269.10;43;-47.0000;47
ACO;31;326.02;43;-47.0000;47
ACO;37;376.07;43;-47.0000;47
ACO;43;427.73;43;-47.0000;47
ACO;49;479.34;43;-47.0000;47
ACO;56;535.74;43;-47.0000;47
ACO;62;586.24;43;-47.0000;47
ACO;69;642.64;43;-47.0000;47
ACO;76;698.73;43;-47.0000;47
ACO;83;761.78;43;-47.0000;47
ACO;85;829.71;43;-47.0000;47
ACO;91;882.35;43;-47.0000;47
ACO;97;934.05;43;-47.0000;47
ACO;103;986.39;43;-47.0000;47
ACO;1;5.80;92;-113.0000;113
ACO;2;11.14;92;-110.0000;110
ACO;3;16.20;92;-107.0000;107
ACO;4;21.18;92;-101.0000;101
ACO;9;42.66;92;-100.0000;100
ACO;10;47.27;92;-99.0000;99
ACO;23;98.36;92;-99.0000;99
ACO;36;148.80;92;-99.0000;99
ACO;50;202.42;92;-99.0000;99
ACO;64;257.87;92;-99.0000;99
ACO;77;307.98;92;-99.0000;99
ACO;90;361.69;92;-99.0000;99
ACO;102;412.17;92;-99.0000;99
ACO;115;462.55;92;-99.0000;99
ACO;127;527.10;92;-99.0000;99
ACO;133;578.34;92;-99.0000;99
ACO;146;629.61;92;-99.0000;99
ACO;160;683.04;92;-99.0000;99
ACO;174;736.45;92;-99.0000;99
ACO;188;789.52;92;-99.0000;99
ACO;202;842.56;92;-99.0000;99
ACO;216;896.24;92;-99.0000;99
ACO;229;946.93;92;-99.0000;99
ACO;242;998.14;92;-99.0000;99
ACO;65;607.09;58;-71.0000;71
ACO;69;643.40;58;-67.0000;67
ACO;75;697.66;58;-67.0000;67
ACO;78;726.50;58;-66.0000;66
ACO;84;782.93;58;-65.0000;65
ACO;90;835.72;58;-65.0000;65
ACO;96;888.73;58;-65.0000;65
ACO;99;960.24;58;-65.0000;65
ACO;1;2.35;13;-19.0000;19
ACO;2;4.27;13;-16.0000;16
ACO;43;55.08;13;-16.0000;16
ACO;84;105.59;13;-16.0000;16
ACO;126;156.77;13;-16.0000;16
ACO;166;207.00;13;-16.0000;16
ACO;204;257.29;13;-16.0000;16
ACO;244;307.71;13;-16.0000;16
ACO;285;358.03;13;-16.0000;16
ACO;325;408.05;13;-16.0000;16
ACO;366;458.25;13;-16.0000;16
ACO;389;513.28;13;-16.0000;16
ACO;401;563.42;13;-16.0000;16
ACO;414;613.86;13;-16.0000;16
ACO;427;665.44;13;-16.0000;16
ACO;440;717.44;13;-16.0000;16
ACO;454;769.65;13;-16.0000;16
ACO;467;821.84;13;-16.0000;16
ACO;480;875.73;13;-16.0000;16
ACO;484;940.40;13;-16.0000;16
ACO;525;991.49;13;-16.0000;16
ACO;16;142.06;100;-148.0000;148
ACO;21;188.32;100;-118.0000;118
ACO;23;252.44;100;-118.0000;118
ACO;29;308.29;100;-118.0000;118
ACO;35;363.16;100;-118.0000;118
ACO;41;418.37;100;-118.0000;118
ACO;47;472.41;100;-118.0000;118
ACO;53;527.68;100;-118.0000;118
ACO;56;555.91;100;-113.0000;113
ACO;62;612.18;100;-113.0000;113
ACO;68;668.95;100;-113.0000;113
ACO;74;724.73;100;-113.0000;113
ACO;80;780.76;100;-113.0000;113
ACO;86;836.49;100;-113.0000;113
ACO;92;892.15;100;-113.0000;113
ACO;97;981.08;100;-113.0000;113
ACO;1;9.52;96;-126.0000;126
ACO;2;17.58;96;-115.0000;115
ACO;4;32.04;96;-110.0000;110
ACO;7;51.42;96;-109.0000;109
ACO;8;57.37;96;-105.0000;105
ACO;10;69.46;96;-104.0000;104
ACO;20;121.67;96;-104.0000;104
ACO;30;176.21;96;-104.0000;104
ACO;40;231.26;96;-104.0000;104
ACO;50;282.96;96;-104.0000;104
ACO;60;337.07;96;-104.0000;104
ACO;70;390.47;96;-104.0000;104
ACO;80;443.54;96;-104.0000;104
ACO;90;499.05;96;-104.0000;104
ACO;100;553.86;96;-104.0000;104
ACO;110;606.23;96;-104.0000;104
ACO;118;692.90;96;-104.0000;104
ACO;127;743.26;96;-104.0000;104
ACO;137;798.55;96;-104.0000;104
ACO;147;852.91;96;-104.0000;104
ACO;156;901.37;96;-101.0000;101
ACO;164;958.34;96;-101.0000;101
ACO;1;10.01;29;-61.0000;61
ACO;2;18.95;29;-38.0000;38
ACO;3;27.53;29;-33.0000;33
ACO;9;78.95;29;-33.0000;33
ACO;16;135.99;29;-33.0000;33
ACO;23;191.47;29;-33.0000;33
ACO;30;245.24;29;-33.0000;33
ACO;37;298.37;29;-33.0000;33
ACO;42;383.58;29;-33.0000;33
ACO;49;440.28;29;-33.0000;33
ACO;55;491.27;29;-33.0000;33
ACO;62;547.52;29;-33.0000;33
ACO;69;603.45;29;-33.0000;33
ACO;76;660.71;29;-33.0000;33
ACO;81;711.76;29;-33.0000;33
ACO;88;766.14;29;-33.0000;33
ACO;94;818.70;29;-33.0000;33
ACO;100;868.77;29;-33.0000;33
ACO;107;924.07;29;-33.0000;33
ACO;113;974.85;29;-33.0000;33
ACO;4;37.54;50;-68.0000;68
ACO;6;55.85;50;-65.0000;65
ACO;7;65.31;50;-64.0000;64
ACO;9;127.11;50;-64.0000;64
ACO;12;155.49;50;-58.0000;58
ACO;15;181.85;50;-55.0000;55
ACO;21;233.95;50;-55.0000;55
ACO;27;284.85;50;-55.0000;55
ACO;33;338.04;50;-55.0000;55
ACO;39;390.50;50;-55.0000;55
ACO;45;441.62;50;-55.0000;55
ACO;51;494.29;50;-55.0000;55
ACO;57;546.48;50;-55.0000;55
ACO;63;599.43;50;-55.0000;55
ACO;69;651.15;50;-55.0000;55
ACO;75;704.22;50;-55.0000;55
ACO;81;757.39;50;-55.0000;55
ACO;86;810.91;50;-55.0000;55
ACO;88;862.09;50;-55.0000;55
ACO;94;913.82;50;-55.0000;55
ACO;100;966.06;50;-55.0000;55
ACO;1;5.07;58;-74.0000;74
ACO;2;9.52;58;-63.0000;63
ACO;17;62.68;58;-63.0000;63
ACO;32;114.26;58;-63.0000;63
ACO;34;165.04;58;-63.0000;63
ACO;48;215.61;58;-63.0000;63
ACO;63;268.65;58;-63.0000;63
ACO;78;319.82;58;-63.0000;63
ACO;92;370.79;58;-63.0000;63
ACO;107;422.70;58;-63.0000;63
ACO;122;475.10;58;-63.0000;63
ACO;137;527.83;58;-63.0000;63
ACO;150;580.75;58;-63.0000;63
ACO;165;633.06;58;-63.0000;63
ACO;180;685.46;58;-63.0000;63
ACO;195;738.31;58;-63.0000;63
ACO;210;790.71;58;-63.0000;63
ACO;220;845.03;58;-63.0000;63
ACO;227;896.58;58;-63.0000;63
ACO;241;949.46;58;-63.0000;63
ACO;256;1002.23;58;-63.0000;63
ACO;1;10.41;80;-147.0000;147
ACO;2;20.29;80;-97.0000;97
ACO;3;29.39;80;-84.0000;84
ACO;9;79.50;80;-84.0000;84
ACO;15;130.86;80;-84.0000;84
ACO;22;182.65;80;-84.0000;84
ACO;29;237.43;80;-84.0000;84
ACO;35;287.93;80;-84.0000;84
ACO;42;343.26;80;-84.0000;84
ACO;49;401.70;80;-84.0000;84
ACO;56;458.71;80;-84.0000;84
ACO;63;516.14;80;-84.0000;84
ACO;70;573.06;80;-84.0000;84
ACO;72;637.12;80;-84.0000;84
ACO;75;703.19;80;-84.0000;84
ACO;78;760.04;80;-84.0000;84
ACO;81;820.43;80;-84.0000;84
ACO;84;880.46;80;-84.0000;84
ACO;87;944.76;80;-84.0000;84
ACO;90;1045.53;80;-84.0000;84
ACO;1;4.58;48;-52.0000;52
ACO;3;13.28;48;-51.0000;51
ACO;20;63.54;48;-51.0000;51
ACO;39;115.20;48;-51.0000;51
ACO;57;167.36;48;-51.0000;51
ACO;77;219.88;48;-51.0000;51
ACO;96;272.25;48;-51.0000;51
ACO;114;323.58;48;-51.0000;51
ACO;133;375.52;48;-51.0000;51
ACO;151;425.93;48;-51.0000;51
ACO;170;476.72;48;-51.0000;51
ACO;189;528.23;48;-51.0000;51
ACO;208;579.99;48;-51.0000;51
ACO;226;630.31;48;-51.0000;51
ACO;233;692.99;48;-51.0000;51
ACO;251;744.08;48;-51.0000;51
ACO;267;795.17;48;-51.0000;51
ACO;287;847.84;48;-51.0000;51
ACO;305;900.24;48;-51.0000;51
ACO;324;951.39;48;-51.0000;51
ACO;19;169.74;31;-73.0000;73
ACO;25;223.63;31;-73.0000;73
ACO;31;276.15;31;-73.0000;73
ACO;37;327.03;31;-73.0000;73
ACO;43;378.05;31;-73.0000;73
ACO;49;429.47;31;-73.0000;73
ACO;55;480.53;31;-73.0000;73
ACO;61;578.00;31;-73.0000;73
ACO;67;631.47;31;-73.0000;73
ACO;73;684.05;31;-73.0000;73
ACO;79;735.11;31;-73.0000;73
ACO;85;786.19;31;-73.0000;73
ACO;91;840.36;31;-73.0000;73
ACO;97;891.48;31;-73.0000;73
ACO;103;942.50;31;-73.0000;73
ACO;109;995.42;31;-73.0000;73
ACO;1;10.59;120;-168.0000;168
ACO;2;21.06;120;-164.0000;164
ACO;8;79.99;120;-164.0000;164
ACO;13;136.14;120;-155.0000;155
ACO;15;170.04;120;-143.0000;143
ACO;16;221.07;120;-142.0000;142
ACO;17;231.23;120;-128.0000;128
ACO;21;268.62;120;-126.0000;126
ACO;27;324.31;120;-126.0000;126
ACO;33;378.94;120;-126.0000;126
ACO;39;431.85;120;-126.0000;126
ACO;45;486.79;120;-126.0000;126
ACO;50;538.15;120;-126.0000;126
ACO;56;593.14;120;-126.0000;126
ACO;62;648.01;120;-126.0000;126
ACO;68;703.22;120;-126.0000;126
ACO;74;758.94;120;-126.0000;126
ACO;80;815.43;120;-126.0000;126
ACO;86;871.61;120;-126.0000;126
ACO;91;965.64;120;-126.0000;126
ACO;8;70.13;136;-182.0000;182
ACO;10;88.59;136;-157.0000;157
ACO;13;115.75;136;-147.0000;147
ACO;14;126.10;136;-145.0000;145
ACO;20;179.66;136;-145.0000;145
ACO;21;189.42;136;-144.0000;144
ACO;27;243.26;136;-144.0000;144
ACO;32;294.40;136;-144.0000;144
ACO;38;347.26;136;-144.0000;144
ACO;44;401.34;136;-144.0000;144
ACO;50;454.99;136;-144.0000;144
ACO;56;509.37;136;-144.0000;144
ACO;62;562.65;136;-144.0000;144
ACO;68;615.66;136;-144.0000;144
ACO;70;679.99;136;-144.0000;144
ACO;75;736.91;136;-144.0000;144
ACO;81;792.63;136;-144.0000;144
ACO;87;848.11;136;-144.0000;144
ACO;93;903.17;136;-144.0000;144
ACO;99;956.27;136;-144.0000;144
ACO;1;10.10;110;-154.0000;154
ACO;5;46.75;110;-146.0000;146
ACO;7;65.31;110;-141.0000;141
ACO;10;92.62;110;-131.0000;131
ACO;13;119.60;110;-122.0000;122
ACO;17;156.86;110;-119.0000;119
ACO;23;212.01;110;-119.0000;119
ACO;24;221.04;110;-118.0000;118
ACO;30;273.32;110;-117.0000;117
ACO;36;326.87;110;-117.0000;117
ACO;40;406.28;110;-117.0000;117
ACO;46;458.92;110;-117.0000;117
ACO;52;511.57;110;-117.0000;117
ACO;58;564.97;110;-117.0000;117
ACO;64;624.48;110;-117.0000;117
ACO;70;681.55;110;-117.0000;117
ACO;76;736.27;110;-117.0000;117
ACO;82;789.00;110;-117.0000;117
ACO;88;844.33;110;-117.0000;117
ACO;94;898.68;110;-117.0000;117
ACO;100;953.64;110;-117.0000;117
ACO;106;1008.91;110;-117.0000;117
ACO;1;9.77;94;-121.0000;121
ACO;7;63.35;94;-121.0000;121
ACO;8;118.74;94;-121.0000;121
ACO;13;165.41;94;-120.0000;120
ACO;14;178.19;94;-116.0000;116
ACO;20;231.32;94;-116.0000;116
ACO;23;257.93;94;-115.0000;115
ACO;25;276.09;94;-112.0000;112
ACO;30;320.40;94;-111.0000;111
ACO;33;347.99;94;-108.0000;108
ACO;37;383.03;94;-107.0000;107
ACO;43;435.09;94;-107.0000;107
ACO;49;488.04;94;-107.0000;107
ACO;55;539.67;94;-107.0000;107
ACO;61;589.72;94;-107.0000;107
ACO;67;639.77;94;-107.0000;107
ACO;73;689.85;94;-107.0000;107
ACO;79;743.38;94;-107.0000;107
ACO;84;831.02;94;-107.0000;107
ACO;90;881.07;94;-107.0000;107
ACO;97;939.06;94;-107.0000;107
ACO;104;996.22;94;-107.0000;107
ACO;1;8.58;46;-58.0000;58
ACO;2;16.39;46;-57.0000;57
ACO;3;23.10;46;-50.0000;50
ACO;13;74.04;46;-50.0000;50
ACO;24;125.85;46;-50.0000;50
ACO;36;178.41;46;-50.0000;50
ACO;47;231.26;46;-50.0000;50
ACO;60;285.71;46;-50.0000;50
ACO;72;337.43;46;-50.0000;50
ACO;83;390.05;46;-50.0000;50
ACO;94;447.88;46;-50.0000;50
ACO;96;500.09;46;-50.0000;50
ACO;109;553.68;46;-50.0000;50
ACO;119;605.19;46;-50.0000;50
ACO;130;656.04;46;-50.0000;50
ACO;141;706.54;46;-50.0000;50
ACO;152;757.11;46;-50.0000;50
ACO;163;809.66;46;-50.0000;50
ACO;172;861.72;46;-50.0000;50
ACO;182;915.44;46;-50.0000;50
ACO;191;973.14;46;-50.0000;50
ACO;1;3.60;46;-51.0000;51
ACO;22;53.71;46;-51.0000;51
ACO;44;105.96;46;-51.0000;51
ACO;66;156.83;46;-51.0000;51
ACO;81;211.18;46;-51.0000;51
ACO;91;262.36;46;-51.0000;51
ACO;113;312.99;46;-51.0000;51
ACO;134;364.17;46;-51.0000;51
ACO;153;414.31;46;-51.0000;51
ACO;175;464.57;46;-51.0000;51
ACO;196;515.38;46;-51.0000;51
ACO;218;566.13;46;-51.0000;51
ACO;240;616.85;46;-51.0000;51
ACO;261;668.15;46;-51.0000;51
ACO;282;718.20;46;-51.0000;51
ACO;304;768.92;46;-51.0000;51
ACO;325;819.64;46;-51.0000;51
ACO;346;870.33;46;-51.0000;51
ACO;351;927.15;46;-51.0000;51
ACO;372;977.57;46;-51.0000;51
ACO;1;9.77;32;-56.0000;56
ACO;3;28.14;32;-39.0000;39
ACO;9;76.54;32;-38.0000;38
ACO;13;109.59;32;-37.0000;37
ACO;20;165.74;32;-37.0000;37
ACO;25;221.92;32;-37.0000;37
ACO;32;279.05;32;-37.0000;37
ACO;39;334.32;32;-37.0000;37
ACO;46;390.08;32;-37.0000;37
ACO;53;447.17;32;-37.0000;37
ACO;60;503.20;32;-37.0000;37
ACO;67;557.80;32;-37.0000;37
ACO;71;636.41;32;-37.0000;37
ACO;78;692.47;32;-37.0000;37
ACO;85;748.17;32;-37.0000;37
ACO;92;803.04;32;-37.0000;37
ACO;99;859.47;32;-37.0000;37
ACO;106;916.78;32;-37.0000;37
ACO;113;973.08;32;-37.0000;37
ACO;1;7.11;32;-38.0000;38
ACO;2;11.35;32;-36.0000;36
ACO;3;15.81;32;-35.0000;35
ACO;27;66.01;32;-35.0000;35
ACO;53;117.07;32;-35.0000;35
ACO;79;167.51;32;-35.0000;35
ACO;106;219.82;32;-35.0000;35
ACO;127;281.40;32;-35.0000;35
ACO;140;332.95;32;-35.0000;35
ACO;165;383.03;32;-35.0000;35
ACO;192;434.94;32;-35.0000;35
ACO;218;485.66;32;-35.0000;35
ACO;245;536.83;32;-35.0000;35
ACO;272;587.71;32;-35.0000;35
ACO;298;638.82;32;-35.0000;35
ACO;325;689.82;32;-35.0000;35
ACO;351;741.06;32;-35.0000;35
ACO;377;792.69;32;-35.0000;35
ACO;404;844.36;32;-35.0000;35
ACO;431;895.60;32;-35.0000;35
ACO;437;952.91;32;-35.0000;35
ACO;1;8.73;24;-33.0000;33
ACO;4;33.54;24;-32.0000;32
ACO;7;57.01;24;-29.0000;29
ACO;8;64.94;24;-28.0000;28
ACO;15;117.89;24;-28.0000;28
ACO;22;172.27;24;-28.0000;28
ACO;29;225.19;24;-28.0000;28
ACO;36;277.47;24;-28.0000;28
ACO;43;335.39;24;-28.0000;28
ACO;50;387.66;24;-28.0000;28
ACO;57;439.39;24;-28.0000;28
ACO;64;491.91;24;-28.0000;28
ACO;71;544.62;24;-28.0000;28
ACO;78;610.69;24;-28.0000;28
ACO;82;666.75;24;-28.0000;28
ACO;90;723.21;24;-28.0000;28
ACO;97;775.24;24;-28.0000;28
ACO;104;826.57;24;-28.0000;28
ACO;111;880.19;24;-28.0000;28
ACO;118;933.20;24;-28.0000;28
ACO;125;985.11;24;-28.0000;28
ACO;3;26.76;38;-62.0000;62
ACO;4;34.97;38;-50.0000;50
ACO;9;75.38;38;-49.0000;49
ACO;14;117.89;38;-47.0000;47
ACO;21;172.55;38;-47.0000;47
ACO;28;230.19;38;-47.0000;47
ACO;34;322.91;38;-47.0000;47
ACO;41;378.81;38;-47.0000;47
ACO;48;433.01;38;-47.0000;47
ACO;55;487.00;38;-47.0000;47
ACO;62;543.03;38;-47.0000;47
ACO;69;599.98;38;-47.0000;47
ACO;76;657.93;38;-47.0000;47
ACO;82;714.72;38;-47.0000;47
ACO;89;770.39;38;-47.0000;47
ACO;96;825.71;38;-47.0000;47
ACO;103;881.77;38;-47.0000;47
ACO;110;938.75;38;-47.0000;47
ACO;115;1022.52;38;-47.0000;47
ACO;1;9.77;34;-62.0000;62
ACO;3;27.71;34;-54.0000;54
ACO;4;37.08;34;-48.0000;48
ACO;6;53.47;34;-42.0000;42
ACO;7;62.44;34;-39.0000;39
ACO;11;95.03;34;-38.0000;38
ACO;18;152.34;34;-38.0000;38
ACO;25;207.70;34;-38.0000;38
ACO;32;264.50;34;-38.0000;38
ACO;39;319.40;34;-38.0000;38
ACO;46;374.39;34;-38.0000;38
ACO;52;426.12;34;-38.0000;38
ACO;59;483.25;34;-38.0000;38
ACO;65;533.26;34;-38.0000;38
ACO;72;589.94;34;-38.0000;38
ACO;79;691.59;34;-38.0000;38
ACO;86;746.06;34;-38.0000;38
ACO;93;802.67;34;-38.0000;38
ACO;100;858.89;34;-38.0000;38
ACO;106;909.58;34;-38.0000;38
ACO;113;964.54;34;-38.0000;38
ACO;1;3.33;36;-46.0000;46
ACO;2;6.47;36;-44.0000;44
ACO;4;11.35;36;-43.0000;43
ACO;6;16.36;36;-41.0000;41
ACO;31;67.75;36;-41.0000;41
ACO;56;118.90;36;-41.0000;41
ACO;81;169.80;36;-41.0000;41
ACO;100;208.34;36;-40.0000;40
ACO;122;259.06;36;-40.0000;40
ACO;143;309.78;36;-40.0000;40
ACO;147;360.99;36;-40.0000;40
ACO;155;414.61;36;-40.0000;40
ACO;163;467.53;36;-40.0000;40
ACO;171;521.45;36;-40.0000;40
ACO;179;578.86;36;-40.0000;40
ACO;187;633.58;36;-40.0000;40
ACO;194;683.78;36;-40.0000;40
ACO;200;744.32;36;-40.0000;40
ACO;206;794.98;36;-40.0000;40
ACO;227;846.68;36;-40.0000;40
ACO;247;897.25;36;-40.0000;40
ACO;268;947.75;36;-40.0000;40
ACO;289;998.57;36;-40.0000;40
ACO;3;28.11;39;-59.0000;59
ACO;4;37.38;39;-46.0000;46
ACO;5;47.12;39;-45.0000;45
ACO;11;98.94;39;-43.0000;43
ACO;18;156.40;39;-43.0000;43
ACO;25;214.11;39;-43.0000;43
ACO;32;271.09;39;-43.0000;43
ACO;39;328.49;39;-43.0000;43
ACO;43;417.14;39;-43.0000;43
ACO;49;467.56;39;-43.0000;43
ACO;55;523.07;39;-43.0000;43
ACO;61;574.95;39;-43.0000;43
ACO;68;631.74;39;-43.0000;43
ACO;75;688.87;39;-43.0000;43
ACO;81;741.52;39;-43.0000;43
ACO;87;793.03;39;-43.0000;43
ACO;93;845.09;39;-43.0000;43
ACO;99;897.37;39;-43.0000;43
ACO;105;947.66;39;-43.0000;43
ACO;111;999.97;39;-43.0000;43
ACO;1;9.49;59;-90.0000;90
ACO;2;18.55;59;-69.0000;69
ACO;8;69.06;59;-68.0000;68
ACO;9;78.09;59;-67.0000;67
ACO;10;86.85;59;-64.0000;64
ACO;17;144.53;59;-64.0000;64
ACO;24;199.80;59;-64.0000;64
ACO;30;251.04;59;-64.0000;64
ACO;37;306.37;59;-64.0000;64
ACO;44;362.24;59;-64.0000;64
ACO;51;418.85;59;-64.0000;64
ACO;53;480.35;59;-64.0000;64
ACO;59;534.30;59;-64.0000;64
ACO;65;587.98;59;-64.0000;64
ACO;72;643.89;59;-64.0000;64
ACO;79;702.09;59;-64.0000;64
ACO;86;759.77;59;-64.0000;64
ACO;93;817.32;59;-64.0000;64
ACO;99;868.32;59;-64.0000;64
ACO;105;920.20;59;-64.0000;64
ACO;112;977.23;59;-64.0000;64
ACO;1;9.55;35;-57.0000;57
ACO;2;18.98;35;-53.0000;53
ACO;3;28.20;35;-43.0000;43
ACO;4;37.17;35;-42.0000;42
ACO;7;62.38;35;-41.0000;41
ACO;14;116.58;35;-41.0000;41
ACO;15;125.61;35;-40.0000;40
ACO;17;189.33;35;-40.0000;40
ACO;24;245.64;35;-40.0000;40
ACO;31;298.03;35;-40.0000;40
ACO;38;353.21;35;-40.0000;40
ACO;45;408.75;35;-40.0000;40
ACO;52;462.86;35;-40.0000;40
ACO;59;515.99;35;-40.0000;40
ACO;66;569.73;35;-40.0000;40
ACO;73;624.02;35;-40.0000;40
ACO;80;679.60;35;-40.0000;40
ACO;87;734.38;35;-40.0000;40
ACO;94;789.67;35;-40.0000;40
ACO;97;857.73;35;-40.0000;40
ACO;104;912.20;35;-40.0000;40
ACO;111;969.27;35;-40.0000;40
ACO;2;17.64;63;-93.0000;93
ACO;5;43.52;63;-80.0000;80
ACO;9;77.03;63;-79.0000;79
ACO;10;85.66;63;-72.0000;72
ACO;13;109.92;63;-68.0000;68
ACO;20;165.77;63;-68.0000;68
ACO;27;223.27;63;-68.0000;68
ACO;34;279.24;63;-68.0000;68
ACO;41;334.84;63;-68.0000;68
ACO;48;390.99;63;-68.0000;68
ACO;55;447.72;63;-68.0000;68
ACO;59;522.86;63;-68.0000;68
ACO;66;578.37;63;-68.0000;68
ACO;73;633.94;63;-68.0000;68
ACO;80;692.11;63;-68.0000;68
ACO;87;747.86;63;-68.0000;68
ACO;94;805.60;63;-68.0000;68
ACO;101;861.85;63;-68.0000;68
ACO;107;913.36;63;-68.0000;68
ACO;113;964.36;63;-68.0000;68
ACO;1;9.12;32;-40.0000;40
ACO;6;52.83;32;-38.0000;38
ACO;9;78.74;32;-37.0000;37
ACO;15;141.97;32;-37.0000;37
ACO;16;200.71;32;-37.0000;37
ACO;23;258.09;32;-37.0000;37
ACO;28;309.91;32;-37.0000;37
ACO;34;372.13;32;-37.0000;37
ACO;40;429.66;32;-37.0000;37
ACO;46;480.29;32;-37.0000;37
ACO;52;532.17;32;-37.0000;37
ACO;59;588.04;32;-37.0000;37
ACO;66;644.50;32;-37.0000;37
ACO;73;702.15;32;-37.0000;37
ACO;80;758.76;32;-36.0000;36
ACO;87;815.40;32;-36.0000;36
ACO;94;871.67;32;-36.0000;36
ACO;96;934.20;32;-36.0000;36
ACO;103;990.91;32;-36.0000;36
ACO;1;2.93;28;-33.0000;33
ACO;30;54.23;28;-33.0000;33
ACO;59;104.95;28;-33.0000;33
ACO;88;156.40;28;-33.0000;33
ACO;113;206.79;28;-33.0000;33
ACO;142;257.14;28;-33.0000;33
ACO;171;308.65;28;-33.0000;33
ACO;200;359.01;28;-33.0000;33
ACO;229;409.58;28;-33.0000;33
ACO;258;459.93;28;-33.0000;33
ACO;286;510.74;28;-33.0000;33
ACO;297;575.74;28;-33.0000;33
ACO;322;625.76;28;-33.0000;33
ACO;350;676.12;28;-33.0000;33
ACO;375;726.75;28;-33.0000;33
ACO;404;776.89;28;-33.0000;33
ACO;433;827.27;28;-33.0000;33
ACO;462;877.41;28;-33.0000;33
ACO;491;928.31;28;-33.0000;33
ACO;520;978.94;28;-33.0000;33
ACO;1;9.95;54;-75.0000;75
ACO;2;19.44;54;-64.0000;64
ACO;6;56.37;54;-63.0000;63
ACO;8;72.69;54;-62.0000;62
ACO;11;98.27;54;-61.0000;61
ACO;14;123.44;54;-59.0000;59
ACO;21;180.02;54;-59.0000;59
ACO;24;251.56;54;-59.0000;59
ACO;30;303.41;54;-59.0000;59
ACO;37;360.63;54;-59.0000;59
ACO;43;411.25;54;-59.0000;59
ACO;49;462.40;54;-59.0000;59
ACO;56;518.95;54;-59.0000;59
ACO;63;576.72;54;-59.0000;59
ACO;70;633.70;54;-59.0000;59
ACO;76;684.08;54;-59.0000;59
ACO;83;741.61;54;-59.0000;59
ACO;90;798.43;54;-59.0000;59
ACO;97;854.98;54;-59.0000;59
ACO;104;911.87;54;-59.0000;59
ACO;105;966.16;54;-59.0000;59
ACO;1;8.67;58;-70.0000;70
ACO;3;24.93;58;-68.0000;68
ACO;8;67.41;58;-65.0000;65
ACO;11;91.19;58;-63.0000;63
ACO;12;99.24;58;-62.0000;62
ACO;16;131.07;58;-61.0000;61
ACO;23;184.63;58;-61.0000;61
ACO;30;239.47;58;-61.0000;61
ACO;37;292.91;58;-61.0000;61
ACO;44;346.53;58;-61.0000;61
ACO;51;402.28;58;-61.0000;61
ACO;58;454.53;58;-61.0000;61
ACO;65;509.37;58;-61.0000;61
ACO;72;563.96;58;-61.0000;61
ACO;76;640.41;58;-61.0000;61
ACO;83;693.54;58;-61.0000;61
ACO;90;747.68;58;-61.0000;61
ACO;97;801.33;58;-61.0000;61
ACO;104;856.32;58;-61.0000;61
ACO;111;911.01;58;-61.0000;61
ACO;118;965.70;58;-61.0000;61
ACO;1;10.04;31;-47.0000;47
ACO;2;19.13;31;-39.0000;39
ACO;4;37.17;31;-38.0000;38
ACO;5;47.03;31;-35.0000;35
ACO;11;101.01;31;-35.0000;35
ACO;16;151.92;31;-35.0000;35
ACO;18;223.54;31;-35.0000;35
ACO;24;279.97;31;-35.0000;35
ACO;31;336.40;31;-35.0000;35
ACO;37;386.51;31;-35.0000;35
ACO;43;437.84;31;-35.0000;35
ACO;49;489.96;31;-35.0000;35
ACO;56;545.20;31;-35.0000;35
ACO;62;596.83;31;-35.0000;35
ACO;68;649.57;31;-35.0000;35
ACO;74;701.20;31;-35.0000;35
ACO;80;752.23;31;-35.0000;35
ACO;87;808.35;31;-35.0000;35
ACO;94;864.99;31;-35.0000;35
ACO;98;918.79;31;-35.0000;35
ACO;100;968.90;31;-35.0000;35
ACO;2;17.73;95;-144.0000;144
ACO;6;54.11;95;-129.0000;129
ACO;7;63.54;95;-122.0000;122
ACO;8;73.18;95;-120.0000;120
ACO;13;116.97;95;-111.0000;111
ACO;20;174.07;95;-111.0000;111
ACO;26;223.45;95;-106.0000;106
ACO;33;281.40;95;-106.0000;106
ACO;40;338.78;95;-106.0000;106
ACO;47;396.09;95;-106.0000;106
ACO;54;453.74;95;-106.0000;106
ACO;61;511.93;95;-106.0000;106
ACO;65;545.26;95;-105.0000;105
ACO;69;624.21;95;-105.0000;105
ACO;75;676.27;95;-105.0000;105
ACO;81;727.78;95;-105.0000;105
ACO;87;778.96;95;-105.0000;105
ACO;93;830.02;95;-105.0000;105
ACO;99;880.95;95;-105.0000;105
ACO;104;922.24;95;-104.0000;104
ACO;108;955.26;95;-99.0000;99
ACO;2;18.89;62;-103.0000;103
ACO;3;28.56;62;-76.0000;76
ACO;5;46.91;62;-69.0000;69
ACO;11;97.29;62;-69.0000;69
ACO;18;153.50;62;-67.0000;67
ACO;24;206.48;62;-67.0000;67
ACO;30;258.03;62;-67.0000;67
ACO;36;312.07;62;-67.0000;67
ACO;42;364.96;62;-67.0000;67
ACO;48;418.79;62;-67.0000;67
ACO;55;476.68;62;-67.0000;67
ACO;62;535.00;62;-67.0000;67
ACO;69;592.74;62;-67.0000;67
ACO;72;662.32;62;-67.0000;67
ACO;79;718.78;62;-67.0000;67
ACO;86;774.72;62;-67.0000;67
ACO;93;834.59;62;-67.0000;67
ACO;99;884.80;62;-67.0000;67
ACO;105;934.85;62;-67.0000;67
ACO;112;992.46;62;-67.0000;67
ACO;1;7.81;64;-79.0000;79
ACO;2;15.75;64;-75.0000;75
ACO;4;28.38;64;-73.0000;73
ACO;7;44.83;64;-70.0000;70
ACO;8;49.93;64;-69.0000;69
ACO;20;103.12;64;-69.0000;69
ACO;32;155.09;64;-69.0000;69
ACO;44;207.31;64;-69.0000;69
ACO;55;257.87;64;-69.0000;69
ACO;65;329.96;64;-69.0000;69
ACO;70;389.34;64;-69.0000;69
ACO;74;441.86;64;-69.0000;69
ACO;79;504.21;64;-69.0000;69
ACO;84;565.98;64;-69.0000;69
ACO;89;634.37;64;-69.0000;69
ACO;93;685.58;64;-69.0000;69
ACO;96;767.76;64;-69.0000;69
ACO;107;819.06;64;-69.0000;69
ACO;119;871.61;64;-69.0000;69
ACO;129;925.45;64;-69.0000;69
ACO;140;976.10;64;-69.0000;69
ACO;1;6.87;21;-26.0000;26
ACO;3;21.24;21;-25.0000;25
ACO;18;72.24;21;-25.0000;25
ACO;34;122.47;21;-25.0000;25
ACO;51;174.32;21;-25.0000;25
ACO;68;227.81;21;-25.0000;25
ACO;84;277.98;21;-25.0000;25
ACO;101;328.09;21;-25.0000;25
ACO;108;401.06;21;-25.0000;25
ACO;126;452.76;21;-25.0000;25
ACO;144;502.84;21;-25.0000;25
ACO;162;555.08;21;-25.0000;25
ACO;180;606.08;21;-25.0000;25
ACO;197;657.10;21;-25.0000;25
ACO;215;707.43;21;-25.0000;25
ACO;233;759.52;21;-25.0000;25
ACO;250;811.89;21;-25.0000;25
ACO;267;863.62;21;-25.0000;25
ACO;284;916.02;21;-25.0000;25
ACO;301;966.03;21;-25.0000;25
ACO;1;10.07;59;-74.0000;74
ACO;3;29.11;59;-72.0000;72
ACO;4;38.85;59;-71.0000;71
ACO;6;57.01;59;-70.0000;70
ACO;7;66.62;59;-68.0000;68
ACO;8;75.23;59;-65.0000;65
ACO;14;127.44;59;-65.0000;65
ACO;15;136.60;59;-63.0000;63
ACO;21;188.05;59;-63.0000;63
ACO;28;246.06;59;-63.0000;63
ACO;34;297.39;59;-63.0000;63
ACO;39;384.16;59;-63.0000;63
ACO;45;435.67;59;-63.0000;63
ACO;51;487.27;59;-63.0000;63
ACO;57;538.24;59;-63.0000;63
ACO;63;592.65;59;-63.0000;63
ACO;69;642.82;59;-63.0000;63
ACO;75;694.67;59;-63.0000;63
ACO;81;747.13;59;-63.0000;63
ACO;87;800.38;59;-63.0000;63
ACO;93;854.64;59;-63.0000;63
ACO;99;909.42;59;-63.0000;63
ACO;105;962.77;59;-63.0000;63
ACO;1;1.80;5;-7.0000;7
ACO;54;52.03;5;-7.0000;7
ACO;107;102.14;5;-7.0000;7
ACO;160;152.50;5;-7.0000;7
ACO;213;202.79;5;-7.0000;7
ACO;251;256.32;5;-7.0000;7
ACO;275;306.58;5;-7.0000;7
ACO;328;356.75;5;-7.0000;7
ACO;379;407.41;5;-7.0000;7
ACO;433;458.37;5;-7.0000;7
ACO;483;509.16;5;-7.0000;7
ACO;532;559.51;5;-7.0000;7
ACO;582;610.02;5;-7.0000;7
ACO;631;661.04;5;-7.0000;7
ACO;673;711.06;5;-7.0000;7
ACO;725;761.66;5;-7.0000;7
ACO;734;819.27;5;-7.0000;7
ACO;787;869.75;5;-7.0000;7
ACO;840;919.77;5;-7.0000;7
ACO;889;970.61;5;-7.0000;7
ACO;50;447.20;47;-245.0000;245
ACO;56;497.47;47;-245.0000;245
ACO;62;552.31;47;-245.0000;245
ACO;68;603.91;47;-245.0000;245
ACO;74;660.86;47;-245.0000;245
ACO;77;730.68;47;-245.0000;245
ACO;83;781.01;47;-245.0000;245
ACO;90;838.68;47;-245.0000;245
ACO;96;890.50;47;-245.0000;245
ACO;102;940.98;47;-245.0000;245
ACO;108;991.18;47;-245.0000;245
